,Born,Died,Cause of death,Resting place,Other names,Occupation,Years active,Home town,Spouse(s),Partner(s),Relatives,Awards,Genres,Instruments,Labels,Associated acts,Website,name,Origin,Occupation(s),Years active,Members,Citizenship,Height,Children,Birth name,Education,Known for,Movement,Former groups,Dances,Current group,Parent(s),Alma mater,Agent,Nationality,Past members,Employer,Title,Also known as,Net worth,Family,Notable credit(s),Name,Previous names,Year founded,Founders,Founding choreographers,Principal venue,Chief Executive,Company manager,Artistic Director,Ballet Master in Chief,Creative Director,Official school,Associated schools,Works,Honours,Allegiance,Service branch,Service years,Full name,Date of birth,Place of birth,Playing position(s),Years,2003–2004,2005,2006–2007,2008–2010,2011,2012–2014,2014,2015–2016,2016,2017–2018,Total,Notable work,Style,Television,Father,Mother
0,"Aaliyah Dana Haughton(1979-01-16)January 16, 1979New York City, U.S.","August 25, 2001(2001-08-25) (aged 22)Marsh Harbour, Abaco Islands, The Bahamas",Airplane crash,"Ferncliff CemeteryHartsdale, New York, U.S.",Babygirl,"
Singer
actress
model
dancer
",1989–2001,"Detroit, Michigan, U.S.",R. Kelly(m. 1994; ann. 1995),Damon Dash(2000–2001),Rashad Haughton (brother)Barry Hankerson (uncle),List of awards and nominations received by Aaliyah,"
R&B
pop
hip hop
",Vocals,"
Blackground
Jive
Atlantic
Virgin
","
Missy Elliott
Timbaland
R. Kelly
Junior Mafia
DMX
Static Major
",www.aaliyah.com ,Aaliyah,,,,,,,,,,,,,,,,,,,,,,,,,,,,,,,,,,,,,,,,,,,,,,,,,,,,,,,,,,,,,,,,
1," (1996-10-30) October 30, 1996 (age 23) (Ayo) (1999-08-29) August 29, 1999 (age 20) (Teo)",,,,,,,,,,,,Hip hoptrap,,ColumbiaZone 4Sho'Nuff Digital[1],"
Polow da Don
Jazze Pha
",,Ayo & Teo,"Ypsilanti, Michigan, United States",Dancerschoreographersrappers,2014–present,"
Ayleo Bowles (Ayo)
Mateo Bowles (Teo)
",,,,,,,,,,,,,,,,,,,,,,,,,,,,,,,,,,,,,,,,,,,,,,,,,,,,,,,,,,,,
2,"Frederick Austerlitz(1899-05-10)May 10, 1899Omaha, Nebraska, U.S.","June 22, 1987(1987-06-22) (aged 88)Los Angeles, California, U.S.",,,,"
Dancer
singer
actor
presenter
choreographer
percussionist
",1904–1981,,Phyllis Livingston Potter(m. 1933; died 1954)  Robyn Smith (m. 1980),,Adele Astaire (sister),Full list,,"Vocals, percussion, piano","MGM Records, RCA Victor, Decca Records, Columbia Records, Brunswick Records",,,Fred Astaire,,,,,,,,,,,,,,,,,,,,,,,,,,,,,,,,,,,,,,,,,,,,,,,,,,,,,,,,,,,,,,,,
3,"Georgiy Melitonovich Balanchivadze(1904-01-22)January 22, 1904Saint Petersburg, Russian Empire","April 30, 1983(1983-04-30) (aged 79)Manhattan, New York City, U.S.",,,,"Dancer, choreographer, actor, director",1929–1983,,Tamara Geva(m. 1921; div. 1926)Vera Zorina(m. 1938; div. 1946)Maria Tallchief(m. 1946; ann. 1952)Tanaquil LeClercq(m. 1952; div. 1969),Alexandra Danilova(1926–1933),,"Presidential Medal of Freedom, among others (see below)",,,,,,George Balanchine,,,,,,,,,,,,,,,,,,,,,,,,,,,,,,,,,,,,,,,,,,,,,,,,,,,,,,,,,,,,,,,,
4,"Sara Pereyra Baras (1971-04-25) 25 April 1971 (age 49)San Fernando (Cádiz), Spain",,,,,,,,,,,,,,,,,Sara Baras,,,,,,,,,,,,,,,,,,,,,,,,,,,,,,,,,,,,,,,,,,,,,,,,,,,,,,,,,,,,,,,,
5,"Mikhail Nikolayevich Baryshnikov (1948-01-27) January 27, 1948 (age 72)Riga, Latvian SSR, Soviet Union (now Latvia)",,,,,"Dancer, actor",1968–present,,Lisa Rinehart (m. 2006),Jessica Lange (1976–82),,,,,,,,Mikhail Baryshnikov,,,,,Latvian & American,1.65 m (5 ft 5 in),4 (including Shura and Anna),,,,,,,,,,,,,,,,,,,,,,,,,,,,,,,,,,,,,,,,,,,,,,,,,,,,,,,,,
6," (1964-04-18) 18 April 1964 (age 56)Bolton, Lancashire, England",,,,,,,,,,,,Alternative rockMadchesteralternative dancebaggyacid house,Maracas,,Happy MondaysBlack GrapeShaun Ryder,,Bez (dancer),,Percussionistdancermedia personality,1980–present,,,,,Mark Berry,,,,,,,,,,,,,,,,,,,,,,,,,,,,,,,,,,,,,,,,,,,,,,,,,,,,,,,,
7,"Chrystelle Lee TrumpJanuary 1, 1938Manchester, Maryland, U.S.","May 6, 2020 (aged 82)Towson, Maryland, U.S.",,,,,,,,,,,,,,,,Chrystelle Trump Bond,,,,,,,,,University of North Carolina at Greensboro (BS and MFA),"
Dance
Choreography
Dance history
","
Modern dance
Ballet
Folk dance
",,,,,,,,,,,,,,,,,,,,,,,,,,,,,,,,,,,,,,,,,,,,,,,,,,,,,
8,"James Joseph Brown Jr.(1933-05-03)May 3, 1933Barnwell, South Carolina, U.S.","December 25, 2006(2006-12-25) (aged 73)Atlanta, Georgia, U.S.",,,,Singersongwriterdancermusicianrecord producerbandleader,,,Velma Warren(m. 1953; div. 1969)Deidre Jenkins(m. 1970; div. 1981)Adrienne Rodriguez(m. 1984; died 1996)Tomi Rae Hynie (m. 2001⁠–⁠2006),,,,Funksoulrhythm and blues,Vocalskeyboardsdrumsharmonicaguitar,FederalKingSmashPeoplePolydorTKScotti Bros.MercuryRepublicUMe,The Famous FlamesThe J.B.'sThe DappsBobby ByrdLyn CollinsBobby BennettBootsy Collins,jamesbrown.com,James Brown,,,1953–2006,,,,9 (possibly 13; see below),,,,,,,,,,,,,,,,,,,,,,,,,,,,,,,,,,,,,,,,,,,,,,,,,,,,,,,,,
9," (1971-03-14) March 14, 1971 (age 49)Mineola, New York",,,,,"Irish dancer, choreographer, and actress",1994–2010,,Cuan Hanly (m. 2001),,,,,,,,,Jean Butler,,,,,,,,,,,,"Donny Golden School of Irish Dance, Riverdance",Irish dancing,,,,,,,,,,,,,,,,,,,,,,,,,,,,,,,,,,,,,,,,,,,,,,,,,,,
10,"Leslie Claire Margaret Caron (1931-07-01) July 1, 1931 (age 88)Boulogne-sur-Seine, Paris, France",,,,,"Actress, dancer",1951–present,,Geordie Hormel(m. 1951; div. 1954)Peter Hall(m. 1956; div. 1965)Michael Laughlin(m. 1969; div. 1980),,,,,,,,,Leslie Caron,,,,,,,Christopher John HallJennifer Caron Hall,,,,,,,,,,,,,,,,,,,,,,,,,,,,,,,,,,,,,,,,,,,,,,,,,,,,,,,,,
11,(1850-06-21)21 June 1850Rome,"13 November 1928(1928-11-13) (aged 78)Milan, Italy",,,,,,,"Giuseppina de Maria (1878-1927, her death)",,,,,,,,,Enrico Cecchetti,,,,,,,,,,,,,,,,,,,,,,,,,,,,,,,,,,,,,,,,,,,,,,,,,,,,,,,,,,,,,,,,
12,"Paul Philip Christiano[1](1976-02-04)February 4, 1976[1]Bartlett, Illinois[2]","c. August 1, 2015(2015-08-01) (aged 39)[2]Forest Park, Illinois[2]",Suicide by poison[2],,,"Choreographer, dancer",,,,,,See § Awards,,,,,,Paul Christiano,,,,,,,,,,,,,,,,,,,,,,,,,,,,,,,,,,,,,,,,,,,,,,,,,,,,,,,,,,,,,,,,
13,"Ciara Princess Harris (1985-10-25) October 25, 1985 (age 34)Austin, Texas, U.S.",,,,,"
Singer-songwriter
dancer
model
actress
",2002–present,"Atlanta, Georgia, U.S.Riverdale, Georgia, U.S.",Russell Wilson (m. 2016),Future (2013–14; ex-fiancé),,List of awards and nominations,"
R&B
pop
hip hop
dance
",Vocals,"
Sho'nuff
LaFace
Jive
Epic
Beauty Marks
Warner Bros.
","
Jazze Pha
Missy Elliott
",Official Website,Ciara,,,,,,,2,,Riverdale High School,,,,,,,,,,,,,,,,,,,,,,,,,,,,,,,,,,,,,,,,,,,,,,,,,,,,,,,
14,"c. 1875Philadelphia, Pennsylvania","July 16, 1948(1948-07-16) (aged 72–73)Long Branch, New Jersey",,,,Dancer and Choreographer,,,Julian Mitchell Bert Cooper,,,,,,,,,Bessie Clayton,,,,,,,,,,,,,,,,,,,,,,,,,,,,,,,,,,,,,,,,,,,,,,,,,,,,,,,,,,,,,,,,
15,"Misty Danielle Copeland (1982-09-10) September 10, 1982 (age 37)Kansas City, Missouri, United States",,,,,Ballet dancer,1995–present,"San Pedro, California, United States",,,,,,,,,www.mistycopeland.com,Misty Copeland,,,,,,,,,San Pedro High School,,,,,American Ballet Theatre,,,,,,,,,,,,,,,,,,,,,,,,,,,,,,,,,,,,,,,,,,,,,,,,,,
16,"Joaquín Pedraja Reyes (1969-02-22) 22 February 1969 (age 51)Córdoba, Spain",,,,,"Flamenco dancer, Ballet and Contemporanio dancer",1995-Present,,,Mónica Moreno,,,,,,,,Joaquín Cortés,,,,,,1.85 m (6 ft 1 in),,,,,,,,,Basilia Reyes Flores,,,,,,,,,,,,,,,,,,,,,,,,,,,,,,,,,,,,,,,,,,,,,,,,,
17,"Mercier Philip Cunningham(1919-04-16)April 16, 1919Centralia, Washington","July 26, 2009(2009-07-26) (aged 90)New York, New York",,,,"Dancer, choreographer",1938–2009,,,John Cage[1],,,,,,,mercecunningham.org,Merce Cunningham,,,,,,,,,,,,,,,,,,,,,,,,,,,,,,,,,,,,,,,,,,,,,,,,,,,,,,,,,,,,,,,,
18,,,,,Nappytabs,"Choreographers, dance teachers, creative directors, entrepreneurs",1996–present,"Las Vegas, Nevada",,,,"Outstanding Choreography – Primetime Emmy Award 2014 So You Think You Can Dance 
Outstanding Choreography – Primetime Emmy Award 2011 So You Think You Can Dance ",,,,,,Tabitha and Napoleon D'umo,,,,,,,1[2],,,Developing lyrical hip-hop,,,,,,"University of Nevada, Las Vegas",McDonald Selznick Associates[1],,,,,,,,,,,,,,,,,,,,,,,,,,,,,,,,,,,,,,,,,,,,,,,
19," (1968-03-27) March 27, 1968 (age 52)Rio de Janeiro, Brazil",,,,,Choreographer,,,,,,,,,,,,Alex Da Silva (dancer),,,,,,,,,,,,,,,,,,,,,,,,,,,,,,,,,,,,,,,,,,,,,,,,,,,,,,,,,,,,,,,,
20," (1947-07-13) 13 July 1947 (age 72)Navsari, Gujarat, India",,,,,,,,,,,,,,,,,Astad Deboo,,,,,,,,,,,,,contemporary dance,,,,,,,,,,,,,,,,,,,,,,,,,,,,,,,,,,,,,,,,,,,,,,,,,,,
21,"Nicole Chantal de Weever1979 (age 40–41)Cay Hill, Sint Maarten, Netherlands Antilles",,,,,"dancer, choreographer",2001–present,,,,,,,,,,,Nicole de Weever,,,,,,,,,,,,,,,,,,St. Maartener,,,,,,,,,,,,,,,,,,,,,,,,,,,,,,,,,,,,,,,,,,,,,,
22,"Sergei Pavlovich Diaghilev(1872-03-31)31 March 1872Selishchi, Novgorod Governorate, Russian Empire","19 August 1929(1929-08-19) (aged 57)Venice, Italy",,"Isola di San Michele, near Venice",,"Art critic, patron and ballet impresario",,,,,Dmitry Filosofov (cousin),,,,,,,Sergei Diaghilev,,,,,,,,,,Founder of the Ballets Russes,,,,,,,,Russian,,,,,,,,,,,,,,,,,,,,,,,,,,,,,,,,,,,,,,,,,,,,,,
23,"Angela Isadora Duncan(1877-05-26)May 26, 1877[a]San Francisco, California, United States","(1927-09-14)September 14, 1927 (aged 50)[a]Nice, France",,,,,,,Sergei Yesenin(m. 1922; separation 1923),Edward Gordon CraigParis SingerRomano RomanelliMercedes de Acosta,,,,,,,,Isadora Duncan,,,,,,,,,,Dance and choreography,Modern/contemporary dance,,,,,,,"American, French, Soviet",,,,,,,,,,,,,,,,,,,,,,,,,,,,,,,,,,,,,,,,,,,,,,
24,"Lucinda Marie Henninger (1960-08-14) August 14, 1960 (age 59)Hutchinson, Kansas, U.S.",,,,Lucinda Piligian,Dancer  Actress,1982–1990,,Halley Dickey (divorced)  Craig Piligian (m. 1990),,,,,,,,,Lucinda Dickey,,,,,,,2,,Kansas State University  Roland Dupree Dance Academy,,,,,,,,,,,,,,,,,,,,,,,,,,,,,,,,,,,,,,,,,,,,,,,,,,,,,,,
25,,,,,,,,,,,,,Hip hop,,Select RecordsJive/RCA Records,Full ForceThe Real RoxanneWhodiniWhistle,,UTFO,"New York City, U.S.",,1983–1992,,,,,,,,,,,,,,,,"
Doctor Ice
Educated Rapper (deceased)
Kangol Kid
Mixed Master Ice
",,,,,,,,,,,,,,,,,,,,,,,,,,,,,,,,,,,,,,,,,,,,,
26,"Katherine Mary Dunham(1909-06-22)June 22, 1909Chicago, Illinois, U.S","May 21, 2006(2006-05-21) (aged 96)New York City, New York, U.S",,,,"Dancer, choreographer, author, educator, activist",,,Jordis W. McCoo(m. 1931; div. 1938) John Pratt(m. 1941; died 1986),,,,,,,,,Katherine Dunham,,,,,,,,,,,,,,,,University of Chicago,,,,,,,,,,,,,,,,,,,,,,,,,,,,,,,,,,,,,,,,,,,,,,,,
27,"Adolfo Gutierrez Quiñones[1] or Adolfo Gordon Quiñones[2] (sources differ) (1955-05-11) May 11, 1955 (age 65)[1]Chicago, Illinois, U.S.",,,,"Adolfo ""Shabba-Doo"" Quiñones",Actordancerchoreographer[2],1975–present,,Gwendolyn Powell(m. 1979; div. 1982)Lela Rochon(m. 1982; div. 1987),,,,,,,,shabba-doo.com,Shabba Doo,,,,,,,2,,,"Orlando ""Ozone"" – Breakin', Breakin' 2: Electric Boogaloo",,,,,,,,American,,,,,,,,,,,,,,,,,,,,,,,,,,,,,,,,,,,,,,,,,,,,,,
28,"Eugene Louis Faccuito(1925-03-20)March 20, 1925Steubenville, Ohio, U.S.","April 7, 2015(2015-04-07) (aged 90)New York City, New York",,,,"Dancer, choreographer, teacher",,,,,,,,,,,,Eugene Louis Faccuito,,,,,,,,,,,,,,,,,,,,,,,,,,,,,,,,,,,,,,,,,,,,,,,,,,,,,,,,,,,,,,,,
29,"Michael Ryan Flatley (1958-07-16) July 16, 1958 (age 61)Detroit, Michigan",,,,,,1969–2016 (dancing)1971-present (music),,Beata Dziąba(m. 1986; div. 1997)Niamh O'Brien (m. 2006),,,,,,,,www.michaelflatley.com,Michael Flatley,,,,,,,1,,,"Former Irish dancer, actor, occasional broadcast presenter, writer, flautist, choreographerRiverdance (1994–present)Lord of the Dance (1996–present)Feet of Flames (1998–2001)Celtic Tiger Live (2004–2007)",,,,,,,,,,,,,,,,,,,,,,,,,,,,,,,,,,,,,,,,,,,,,,,,,,,,,,
30,,,,,,,,,,,,,"Street dance (B-boying, popping, locking)",,,,www.flying-steps.de,Flying Steps,"Berlin, Germany",,1993–present,Kadir MemisBenny KimotoKhaled ChaabiGengis AdemoskiStephanie NguyenMichael RosemannVartan BassilNiranBrahim Zaibat,,,,,,,,,,,,,,,,,,,,,,,,,,,,,,,,,,,,,,,,,,,,,,,,,,,,,,,,,,,,
31,"Robert Louis Fosse(1927-06-23)June 23, 1927Chicago, Illinois, U.S.","September 23, 1987(1987-09-23) (aged 60)Washington, D.C., U.S.",,"Ashes scattered in the Atlantic Ocean off the shores of Napeague/Amagansett, New York[1]40°48′N 72°36′W﻿ / ﻿40.8°N 72.6°W﻿ / 40.8; -72.6",,Actorchoreographerdancerdirectorscreenwriter,1947–1987,,Mary Ann Niles(m. 1947; div. 1951)Joan McCracken(m. 1952; div. 1959)Gwen Verdon(m. 1960; sep. 1971),Ann Reinking (1972–1978),,,,,,,,Bob Fosse,,,,,,,Nicole Fosse,,,,,,,,,,,,,,,,,,,,,,,,,,,,,,,,,,,,,,,,,,,,,,,,,,,,,,,,,
32,"Mikhaíl Mikháylovich Fokín23 April 1880Saint Petersburg,Russian Empire","22 August 1942(1942-08-22) (aged 62)New York City, U.S",,,,"Ballet dancer, choreographer",,,Vera Fokina,,,,,,,,,Michel Fokine,,,,,,,,,,,,,,,,,,"Russian, naturalized U.S.",,,,,,,,,,,,,,,,,,,,,,,,,,,,,,,,,,,,,,,,,,,,,,
33,"(1898-10-03)October 3, 1898Huron, Hill County, Texas, US","December 27, 1984(1984-12-27) (aged 86)Winchester, Virginia, US",,,Evan Burrows Fontaine,Dancer,,,Sterling Lawrence Adair (m.1918–ann.1920) Harold “Stubby” Kruger (m. 1928/9–div.1935) Jack Lynch,,,,,,,,,Evan-Burrows Fontaine,,,,,,,2,,,,,,,,,,,,,,,,,,,,,,,,,,,,,,,,,,,,,,,,,,,,,,,,,,,,,,,,,
34,"Margaret Evelyn Hookham(1919-05-18)18 May 1919Reigate, Surrey, England","21 February 1991(1991-02-21) (aged 71)Panama City, Panama",,Cremated remains buried in a garden cemetery overlooking the Panama canal,,Ballerina,,,Roberto Arias,,,,,,,,,Margot Fonteyn,,,,,,,,,,Ballet,,,,,,,,British,,Royal Ballet,Prima ballerina assoluta,,,,,,,,,,,,,,,,,,,,,,,,,,,,,,,,,,,,,,,,,,,
35," (1949-12-30) December 30, 1949 (age 70)New York City, New York",,,,,,,,,,,,,,,,,William Forsythe (choreographer),,,,,,,,,,,,,,,,,,,,,,,,,,,,,,,,,,,,,,,,,,,,,,,,,,,,,,,,,,,,,,,,
36," (1970-09-21) September 21, 1970 (age 49)Argentine",,,,,Tango Dancer,,,,,,,,,,,,Mariano Frúmboli,,,,,,,,,,,,,,,,,,,,,,,,,,,,,,,,,,,,,,,,,,,,,,,,,,,,,,,,,,,,,,,,
37,"Marie Louise Fuller(1862-01-15)January 15, 1862Chicago, Illinois, US","January 1, 1928(1928-01-01) (aged 65)Paris, France",,"Père Lachaise Cemetery, Paris, France",Louie Fuller,Actress and dancer,,,,,,,,,,,,Loie Fuller,,,,,,,,,,,,,,,,,,American,,,,,,,,,,,,,,,,,,,,,,,,,,,,,,,,,,,,,,,,,,,,,,
38,"Antonio Esteve Ródenas(1936-11-14)November 14, 1936Elda, Alicante","July 20, 2004(2004-07-20) (aged 67)Madrid",,,,Dancer and choreographer,,,Marujita Díaz (m. 1964⁠–⁠1965)Pilar San Clemente (m. 1968⁠–⁠1971)Pepa Flores (m. 1973⁠–⁠1986)Daniela Frey (m. 1988⁠–⁠1993)Eugenia Eiriz (m. 2003⁠–⁠2004),,,"
Orden José Martí
Creu de Sant Jordi
",,,,,,Antonio Gades,,,,,,,"5, including María Esteve",,,,,,,,,,,,,,,,,,,,,,,,,,,,,,,,,,,,,,,,,,,,,,,,,,,,,,,,,
39,"Zeinab Ali Khalil Ibrahim Mahfouz(1924-03-05)5 March 1924Bani Swaif, Egypt","1 December 1994(1994-12-01) (aged 70)[1]Cairo, Egypt",,,,,1942–1963,,Rushdy Abaza (1958-1977) (divorced)Shepard King (1952-?) (divorced),,,,,,,,,Samia Gamal,,,,,,,,,,,,,,,,,,,,,,,,,,,,,,,,,,,,,,,,,,,,,,,,,,,,,,,,,,,,,,,,
40," (1973-11-19) November 19, 1973 (age 46)Newark, New Jersey, U.S.",,,,,Choreographerdanceractor,1985–present,,,,,,,,,,saviongloverproductions.com,Savion Glover,,,,,,,,,,,,,,,,,,,,,,,,,,,,,,,,,,,,,,,,,,,,,,,,,,,,,,,,,,,,,,,,
41,"(1894-05-11)May 11, 1894Allegheny (later Pittsburgh), Pennsylvania, U.S.","April 1, 1991(1991-04-01) (aged 96)New York City, New York, U.S.",,,,,,,Erick Hawkins (m. 1948–1954; div.),,,Kennedy Center Honors (1979)Presidential Medal of Freedom (1976)National Medal of Arts (1985),,,,,,Martha Graham,,,,,,,,,,Dance and choreography,Modern dance,,,,,,,American,,,,,,,,,,,,,,,,,,,,,,,,,,,,,,,,,,,,,,,,,,,,,,
42," (1962-03-30) March 30, 1962 (age 58)Oakland, California, U.S.",,,,,,,,,,,,"
Hip hop
gospel
dance
",,"
Capitol Records
EMI Records
Giant
Death Row
Reprise
Warner Bros. Records
Full Blast Music
","
Jon Gibson
Doug E. Fresh
Tha Dogg Pound
Teddy Riley
",,MC Hammer,,"
Rapper
dancer
record producer
entrepreneur
preacher
spokesperson
",1985–present,,,,,Stanley Kirk Burrell,,,,,,,,,,,,,,"
M.C. Hammer
Hammer
Hammertime
King Hammer
Hammerman
",,,,,,,,,,,,,,,,,,,,,,,,,,,,,,,,,,,,,,,,,,
43,"Frederick Hawkins(1909-04-23)April 23, 1909Trinidad, Colorado","November 23, 1994(1994-11-23) (aged 85)New York City",,,,,,,Martha Graham (m. 1948–1954; divorced)Lucia Dlugoszewski (m. ?–1994),,,National Medal of Arts (1994),,,,,,Erick Hawkins,,,,,,,,,Harvard UniversitySchool of American Ballet,Dance and choreography,Modern dance,,,,,,,American,,,,,,,,,,,,,,,,,,,,,,,,,,,,,,,,,,,,,,,,,,,,,,
44,"(1909-04-09)9 April 1909Mount Gambier, South Australia, Australia","28 September 1986(1986-09-28) (aged 77)Sydney, New South Wales, Australia",,,,Ballet danceractortheatre directorchoreographer,,,,,,,,,,,,Robert Helpmann,,,,,,,,,,,,,,,,,,,,,,,,,,,,,,,,,,,,,,,,,,,,,,,,,,,,,,,,,,,,,,,,
45,"Gregory Oliver Hines(1946-02-14)February 14, 1946New York City, New York, U.S.","August 9, 2003(2003-08-09) (aged 57)Los Angeles, California, U.S.",,"Saint Volodymyr Ukrainian Cemetery  Oakville, Ontario, Canada",,"
Dancer
Actor
Choreographer
Singer
",1951–2003,,Patricia Panella  (m. 1968; div. 19??)  Pamela Koslow(m. 1981; div. 2000),Negrita Jayde  (2000–2003),Maurice Hines (brother),,,,,,,Gregory Hines,,,,,,,2,,,,,,,,,,,,,,,,,,,,,,,,,,,,,,,,,,,,,,,,,,,,,,,,,,,,,,,,,
46,"Kim Hong-Yul (1985-02-16) February 16, 1985 (age 35)Seoul, South Korea",,,,,B-boy,1996 ~ Present,,,,,,,,,,,Hong 10,,,,,,175 cm (5 ft 9 in),,,,,,,"B-boying
 
 
 
 
 ","
Drifterz(2003~)
7Commandoz(2008~)
Red Bull BC One All Stars(2010~)
former group 

Expression(2000~2003)
Project Soul
Project Korea
",,,, South Korea,,,,,,,,,,,,,,,,,,,,,,,,,,,,,,,,,,,,,,,,,,,,,,
47," (1959-10-29) 29 October 1959 (age 60)London, England, UK",,,,,"Actress, author",1980–present,,Russell Young (m. 1992),,,,,,,,www.finolahughes.com,Finola Hughes,,,,,,,3,,,,,,,,,,,,,,,,,,,,,,,,,,,,,,,,,,,,,,,,,,,,,,,,,,,,,,,,,
48,"( 1895 -10-17)October 17, 1895Oak Park, Illinois, United States","December 29, 1958(1958-12-29) (aged 63)",,,,,,,Charles Woodford (m. 1932),,,,,,,,,Doris Humphrey,,,,,,,,,,Dance and choreography,Modern/contemporary dance,,,,,,,American,,,,,,,,,,,,,,,,,,,,,,,,,,,,,,,,,,,,,,,,,,,,,,
49,"Janet Damita Jo Jackson (1966-05-16) May 16, 1966 (age 54)Gary, Indiana, U.S.",,,,,"
Singer
songwriter
dancer
actress
",1973–present,"Los Angeles, California",James DeBarge(m. 1984; ann. 1985)René Elizondo Jr.(m. 1991; div. 2000)Wissam Al Mana(m. 2012; sep. 2017),Jermaine Dupri(2002–2009)[2],,List of awards and nominations,"
R&B
pop
dance
hip hop
funk
rock
new jack swing
","
Vocals
keyboards
","
A&M
Virgin
Island
Rhythm Nation
BMG
Cinq
",,janetjackson.com,Janet Jackson,,,,,,,1,,,,,,,,"
Joe Jackson
Katherine Jackson
",,,,,,,,US $190 million (2019)[1],Jackson,,,,,,,,,,,,,,,,,,,,,,,,,,,,,,,,,,,,,,,,
50,"Michael Joseph Jackson(1958-08-29)August 29, 1958Gary, Indiana, U.S.","June 25, 2009(2009-06-25) (aged 50)Los Angeles, California, U.S.","Cardiac arrest induced by acute propofol and benzodiazepine intoxication
",,Michael Joe Jackson,Singersongwriterdancer,,,Lisa Marie Presley(m. 1994; div. 1996)Debbie Rowe(m. 1996; div. 1999),,,List of awards and nominations,Popsoulfunkrhythm and bluesrockdiscopost-discodance-popnew jack swing,Vocals,SteeltownMotownEpicLegacySonyMJJ Productions,The Jackson 5,www.michaeljackson.com,Michael Jackson,,,1964–2009,,,,Michael Jr.ParisPrince Michael II,,,,,,,,Joe JacksonKatherine Jackson,,,,,,,,,Jackson family,,,,,,,,,,,,,,,,,,,,,,,,,,,,,,,,,,,,,,,,
51,"Anver Bey Abdullah Jaffa KhanDecember 24, 1930 or 1928Seattle, Washington","March 25, 1988(1988-03-25) (aged 57)New York City, New York",,,,"Choreographer, dancer, director",1950–1988,,,Gerald Arpino,,,,,,,arpinojoffreyfoundation.org,Robert Joffrey,,,,,,,,,,,,,,Joffrey Ballet,,,,,,,,,,,,,,,,,,,,,,,,,,,,,,,,,,,,,,,,,,,,,,,,,,
52,"Sabra Elise Johnson (1987-07-29) July 29, 1987 (age 32)[1]Netherlands",,,,,Dancer,,,,,,,,,,,,Sabra Johnson,,,,,,,,,,,,,,,,,,,,,,,,,"So You Think You Can Dance
High School Musical- Skater Dude",,,,,,,,,,,,,,,,,,,,,,,,,,,,,,,,,,,,,,,
53,"Tamsier Joof (1973-05-17) 17 May 1973 (age 47)Kensal Rise, (London)",,,,,"Dancer, Choreographer, Actor, Model, Entrepreneur,[1][2][4][5] Radio presenter[6] and Author[7]",1989–present (on-and-off),,,,"Alieu Ebrima Cham Joof (uncle),[8] Pap Cheyassin Secka (cousin), great-nephew through his mother of kora legend and artist Bai Konte, other relatives: Joof family",,,,,,The Seereer Resource Centre (SRC)  Seereer Radio,Tamsier Joof Aviance,,,,,,,,,London Studio Centre; Middlesex University; University of Wolverhampton[1][2][3],"dance, radio personality",,,,,Bai Modi Joof[8],,,British,,,,,,,,,,,,,,,,,,,,,,,,,,,,,,,,,,,,,,,,,,,,,,
54,Benjamin Jonsson (1990-11-03) 3 November 1990 (age 29)Sweden,,,,,"dancer, choreographer dance teacher and model",2012—present,,,,,,,,,,,Benjamin Milan,,,,,,,,,,,,,,,,,,Swedish,,,,,,,,,,,,,,,,,,,,,,,,,,,,,,,,,,,,,,,,,,,,,,
55,"Kunwar Amarjeet SinghIndore, Madhya Pradesh, India[1]",,,,,"Dancer, actor, choreographer",2009–present,,,Charlie Chauhan(2011-present),,,,,,,,Kunwar Amar,,,,,,,,,,,,,"Contemporary, freestyle, hip hop[1]",,,,,Indian,,,,,,,,,,,,,,,,,,,,,,,,,,,,,,,,,,,,,,,,,,,,,,
56,"Mazol Yashuvaevna Kolontarova  Мазол Яшуваевна Колонтарова (1950-09-02) 2 September 1950 (age 69)Stalinabad, Tajik SSR, USSR",,,,,"Dancer, dance teacher, actress",,,Ilyas Gulkarov,,, ,,,,,,Malika Kalontarova,,,,,,,,,,,,,,,,,,,,,,,,,,,,,,,,,,,,,,,,,,,,,,,,,,,,,,,,,,,,,,,,
57,"Tamara Platonovna Karsavina10 March 1885St. Petersburg, Russian Empire","26 May 1978(1978-05-26) (aged 93)Beaconsfield, Buckinghamshire, United Kingdom",,,,Ballet dancer,,,Vasili Vasilievich Mukhin (m. 1907; div. 1917)Henry James Bruce (m. 1918),,,,,,,,,Tamara Karsavina,,,,,,,1,,,,,,,,,,,,,,,,,,,,,,,,,,,,,,,,,,,,,,,,,,,,,,,,,,,,,,,,,
58,"Eugene Curran Kelly(1912-08-23)August 23, 1912Pittsburgh, Pennsylvania, U.S.","February 2, 1996(1996-02-02) (aged 83)Beverly Hills, California, U.S.",,,,"Dancersingeractor (film, stage and television)directorproducerchoreographerscreenwritercomedian",1938–1996,,"
Betsy Blair(m. 1941; div. 1957)
Jeanne Coyne(m. 1960; died 1973)
Patricia Ward (m. 1990)
",,,,,,,,,Gene Kelly,,,,,American (Irish citizenship granted late in life)[1],,3,,Peabody High School,"
Singin' in the Rain
An American in Paris
On the Town
Invitation to the Dance

Starring in the MGM musicals and comedy movies during the Freed-Edens era",,,,,,University of Pittsburgh,,,,,,,,,,,,,,,,,,,,,,,,,,,,,,,,,,,,,,,,,,,,,,,,
59,,,,,,,,,,,,,,,,,https://www.linesballet.org,Alonzo King LINES Ballet,,,,,,,,,,,,,,,,,,,,,,,,,,Alonzo King LINES Ballet (AKLB),LINES Ballet,1982,Alonzo KingRobert RosenwasserPam Hagen,Alonzo King,"Yerba Buena Center for the Arts, San Francisco, CA",Muriel Maffre,Lauren Chadwick,Alonzo King,Meredith Webster,Robert Rosenwasser,Alonzo King LINES Ballet Training Program,"Alonzo King LINES Ballet BFA at Dominican University of California
Alonzo King LINES Ballet Summer Program
Alonzo King LINES Ballet Discovery

Project LINES Community Programs (HeART with LINES,  Kids @LINES, Teens @LINES)",,,,,,,,,,,,,,,,,,,,,,,,,,
60," (1947-03-21) 21 March 1947 (age 73)Prague, Czechoslovakia",,,,,contemporary dance choreographer,,,,,,,,,,,jirikylian.com,Jiří Kylián,,,,,,,,,,,,,,,,,,Czech,,,,,,,,,,,,,,,,,,,,,,,,,,,,,,,,,,,,,,,,,,,,,,
61,"Мария Олеговна Кочеткова (1984-05-07) 7 May 1984 (age 36)Moscow, Soviet Union",,,,,Ballet dancer,,,,,,,,,,,,Maria Kochetkova,,,,,Russian,,,,,,,The Royal BalletEnglish National BalletSan Francisco BalletAmerican Ballet Theatre,,,,,,,,,,,,,,,,,,,,,,,,,,,,,,,,,,,,,,,,,,,,,,,,,,,,
62,"15 December 1879Pozsony, Kingdom of Hungary, Austro-Hungarian Empire","1 July 1958(1958-07-01) (aged 78)Weybridge, England",,,,,,,,,,,,,,,,Rudolf von Laban,,,,,,,,,,"Choreography, dance theory",Expressionist dance,,,,,,,,,,,,,,,,,,,,,,,,,,,,,,,,,,,,,,,,,,,,,,,,,,,,,
63," (1962-09-26) September 26, 1962 (age 57)Alton, Illinois",,,,,,,,,,,,,,,,,Lawrence Leritz,,,,,,,,,,,,,,,,,,,,,,,,,,,,,,,,,,,,,,,,,,,,,,,,,,,,,,,,,,,,,,,,
64," (1988-12-06) December 6, 1988 (age 31)",,,,,,,,,,,,Hip-hop dance,,,"
Criminalz Crew
Les Twins Clique
Jay-Z
Beyoncé
Meghan Trainor
David Guetta
Missy Elliott
Cirque du Soleil
Ashley Everett
",,Les Twins,"Sarcelles, Val d'Oise, France","
Dancers
Choreographers
Models
Producers
Musicians
Designers
Entrepreneurs
Actors
Creative directors for ""Eleven Paris""
",,"
Laurent Nicolas Bourgeois
Larry Nicolas Bourgeois
",,,,,,,,,,,,,,,,,,,,,,,,,,,,,,,,,,,,,,,,,,,,,,,,,,,,,,,,,,,,
65,"Māris Rūdolfs Liepa27 July 1936 Riga, Latvia","26 March 1989(1989-03-26) (aged 52) Moscow, Soviet Union",,"Vagankovo Cemetery, Moscow",,Dancer,,,,,,People's Artist of the USSR,,,,,http://liepa.ru/,Māris Liepa,,,,,,,,,,"Spartacus, Swan Lake",,,,,,,,,,"Latvian Opera and Ballet Theatre, Bolshoi Theatre",,,,,,,,,,,,,,,,,,,,,,,,,,,,,,,,,,,,,,,,,,,,
66,1983 (age 36–37),,,,,,,,,,,,"Krumping, Hip-hop",,,,,Lil' C,"Los Angeles, California, U.S.","Dancer, choreographer",2001–present,,,,,Christoper  A.  Toler,,,,,,,,,,,,,,,,,,,,,,,,,,,,,,,,,,,,,,,,,,,,,,,,,,,,,,,,
67,"José Arcadio Limón(1908-01-12)January 12, 1908Culiacán, Mexico","December 2, 1972(1972-12-02) (aged 64)",,,,"Modern dancer, choreographer",1929–1969,,,,,,,,,,,José Limón,,,,,,,,,,,,José Limón Dance Company (now the Limón Dance Company),The Moor's Pavane (1949),,,,,,,,,,,,,,,,,,,,,,,,,,,,,,,,,,,,,,,,,,,,,,,,,,,
68,"Jennifer Lynn Lopez (1969-07-24) July 24, 1969 (age 50)New York City, U.S.",,,,,Actresssingerdancerfashion designerproducerbusinesswoman,1986–present,,Ojani Noa(m. 1997; div. 1998)Cris Judd(m. 2001; div. 2003)Marc Anthony(m. 2004; div. 2014),Alex Rodriguez (2017–present; engaged),Lynda Lopez (sister),Full list,R&BpopLatinhip hopdance,Vocals,WorkEpicIslandCapitolHitco,Fat JoeMarc AnthonyPitbull,jenniferlopez.com,Jennifer Lopez,,,,,,,2,,,,,,,,,,,,,,,,US $400 million (2019 estimate)[1],,,,,,,,,,,,,,,,,,,,,,,,,,,,,,,,,,,,,,,,,
69,"Madonna Louise Ciccone[1] (1958-08-16) August 16, 1958 (age 61)Bay City, Michigan, U.S.",,,,Veronica (Catholic confirmation name)[2],Singersongwriteractressbusinesswomanrecord producerdancerfilm directorauthorhumanitarian,1979–present,"Rochester Hills, Michigan, U.S.","
Sean Penn(m. 1985; div. 1989)
Guy Ritchie(m. 2000; div. 2008)
",Carlos Leon (1995–1997),,,Popelectronicadance,Vocalsguitar,SireWarner Bros.MaverickInterscope,Breakfast ClubEmmy,madonna.com,Madonna (entertainer),"New York City, U.S.",,,,,,6,,,,,,,,,,,,,,,,U.S. $570–$800 million[3][4],,,,,,,,,,,,,,,,,,,,,,,,,,,,,,,,,,,,,,,,,
70," (1967-05-15) 15 May 1967 (age 53)Bombay, Maharashtra, India",,,,Madhuri Dixit Nene,Actressproducertelevision personality,1984–present,,Shriram Madhav Nene (m. 1999),,,Full list,,,,,www.madhuridixit-nene.com,Madhuri Dixit,,,,,,,2,,,,,,,,,,,,,,,,,,,,,,,,,,,,,,,,Full list,Padma Shri (2008),,,,,,,,,,,,,,,,,,,,,,,,
71,"Natalia Romanovna Makarova (1940-11-21) 21 November 1940 (age 79)Leningrad, Russian Soviet Federative Socialist Republic, Soviet Union",,,,Natasha Makarova,"ballet dancer, choreographer",1950s – present,,Edward Karkar(m. 1976; died 2013),,,,,,,,,Natalia Makarova,,,,,,,,,,,,,,,,,,,,,,,,,,,,,,,,,,,,,,,,,,,,,,,,,,,,,,,,,,,,,,,,
72,"(1914-05-26)May 26, 1914Jacksonville, Florida, U.S.","April 27, 2009(2009-04-27) (aged 94)Manhattan, New York, U.S.",,"Woodlawn CemeteryThe Bronx, New York, U.S.","Frank Manning""Muscle head"" Manning","Choreographer, dancer",,,,,,Tony Award for Best Choreography1989 Black and Blue,,,,,frankiemanning.com,Frankie Manning,,,,,,,Chazz YoungMarion ManningFrankie Manning Jr.,,,,,,,,,,,,,,,,,,,,,,,,,,,,,,,,,,,,,,,,,,,,,,,,,,,,,,,,,
73,"Norma Adele Miller(1919-12-02)December 2, 1919Harlem, New York City, U.S.","May 5, 2019(2019-05-05) (aged 99)Fort Myers, Florida, U.S.",,Woodlawn Cemetery,,"Dancer, choreographer, comedian, author, actress, singer, songwriter, creative director",1932–2019,,,,,,,,,,,Norma Miller,,,,,,,,,,,,,,,,,,American,,,,,,,,,,,,,,,,,,,,,,,,,,,,,,,,,,,,,,,,,,,,,,
74,"Margaretha Geertruida Zelle(1876-08-07)7 August 1876Leeuwarden, Netherlands","15 October 1917(1917-10-15) (aged 41)Vincennes, Paris, French Third Republic",Execution by firing squad,,,Exotic Dancer  Courtesan  Spy,,,Rudolf John MacLeod(m. 1895; div. 1906),,,,,,,,,Mata Hari,,,,,,,Norman-John MacLeod (son; 30 January 1897 – 27 June 1899)Louise Jeanne MacLeod (daughter; 2 May 1898 – 10 August 1919),,,,,,,,Adam Zelle (father)  Antje van der Meulen (mother),,,Dutch,,,,,,,,,,,,,,,,,,,,,,,France,Deuxième Bureau,1916–1917,,,,,,,,,,,,,,,,,,,,,
75,"Johnnie Lucille Collier(1923-04-12)April 12, 1923Chireno, Texas, U.S.","January 22, 2004(2004-01-22) (aged 80)Los Angeles, California, U.S.",,"Holy Cross Cemetery, Culver City",,"Dancer, singer, actress",1934–2001,,Reese Milner(m. 1946; div. 1947)Bill Moss(m. 1958; div. 1961)Arthur Cameron(m. 1961; div. 1962),,,,,,,,,Ann Miller,,,,,,,1 (deceased),,,,,,,,,,,,,,,,,,,,,,,,,,,,,,,,,,,,,,,,,,,,,,,,,,,,,,,,,
76," (1994-08-05) 5 August 1994 (age 25)Puri, Puri district, Odisha",,,,,"Dancer and Choreographer, Columnist, Foreign Policy & Strategic Affairs Analyst, Author",,,,,,,,,,,,Baisali Mohanty,,,,,,,,,,,,,,,,"University of Oxford, United Kingdom
Lady Shri Ram College for Women, Delhi",,Indian,,,,,,,,,,,,,,,,,,,,,Nuclear Diplomacy,,,,,,,,,,,,,,,,,,,,,,,,,
77,"Mary Ann Murphy (1958-03-09) March 9, 1958 (age 62)Lancaster, Ohio, U.S.",,,,,Choreographer,,,,,,,,,,,marymurphy.tv,Mary Murphy (choreographer),,,,,,5 ft 11 in (1.80 m),,,,"Judge on So You Think You Can Dance (2005–09, 2011-2014, 2017-present)",,,,,,Ohio University,,,,,,,,,,,,,,,,,,,,,,,,,,,,,,,,,,,,,,,,,,,,,,,,
78,"Wacław Niżyński(1889-03-12)12 March 1889[1][2]/1890[3]Kiev, Russian Empire (now Ukraine)","(1950-04-08)8 April 1950 (aged 60 or 61)London, England",,,Vatslav Nijinsky,"Ballet dancer, choreographer",1908–1916,,,,,,,,,,,Vaslav Nijinsky,,,,,,,,,,,,,,,,,,,,,,,,,,,,,,,,,,,,,,,,,,,,,,,,,,,,,,,,,,,,,,,,
79,"Rudolf Khametovich Nureyev(1938-03-17)17 March 1938near Irkutsk, Russian SFSR, Soviet Union","6 January 1993(1993-01-06) (aged 54)Levallois-Perret, France",,"Sainte-Geneviève-des-Bois Cemetery, Paris, France",,"
Dancer
Choreographer
Ballet director
",1958–1992,,,"
Erik Bruhn (1961–1986, Bruhn's death)
Robert Tracy (1971–1993, Nureyev's death)
",,,,,,,www.nureyev.org ,Rudolf Nureyev,,,,,Austria,173 cm (5 ft 8 in),,,,,,,,,,Mariinsky Ballet School,,Soviet,,,,,,,,,,,,,,,,,,,,,,,,,,,,,,,,,,,,,,,,,,,,,,
80,"Donald David Dixon Ronald O'Connor(1925-08-27)August 27, 1925Chicago, Illinois, U.S.","September 27, 2003(2003-09-27) (aged 78)Woodland Hills, California, U.S.",,Cremation,,Actor  Dancer  Singer,1932–1999,,Gwen Carter (m. 1944-1954) Gloria Noble (m. 1956-2003),,,,,,,,,Donald O'Connor,,,,,,,4,,Professional Children's School  Hollywood Professional School  Danville High School,,,,,,,,,,,,,,,,,,,,,,,,,,,,,,,,,,,,,,,,,,,,,,,,,,,,,,,
81,"Ann-Margret OlssonApril 28, 1941 (age 79)Stockholm, Sweden",,,,,"Actress, singer, dancer",1961–present,,Roger Smith(m. 1967; died 2017),,,,,,,,www.ann-margret.com,Ann-Margret,,,,,,,,,,,,,,,,,,,,,,,,,,,,,,,,,,,,,,,,,,,,,,,,,,,,,,,,,,,,,,,,
82,,,,,,,,,,,,,,,,,,Cristián Oviedo,,,,,,"
1.79 m (5 ft 10 1⁄2 in)",,,,,,,,,,,,,,,,,,,,,,,,,,,,,,,,,,,,,,"
Cristian Gonzalo Oviedo Molina","
 (1980-05-22) 22 May 1980 (age 40)","
Talcahuano, Bío-Bío Region, Chile","
Centre back","
Team","
Huachipato","
Naval","
Lota Schwager","
Everton","
O'Higgins","
Audax Italiano","
Santiago Morning","
Deportes Iquique","
San Antonio Unido","
Cobreloa","
",,,,,
83,"Anna Matveyevna Pavlova12 February 1881Saint Petersburg, Russian Empire","January 23, 1931(1931-01-23) (aged 49)The Hague, Netherlands",,,,Ballerina,1899–1931,,,,,,,,,,,Anna Pavlova,,,,,,,,,,,,,,,Lyubov Feodorovna PavlovaMatvey Pavlovich Pavlov,,,Russian,,,,,,,,,,,,,,,,,,,,,,,,,,,,,,,,,,,,,,,,,,,,,,
84," (1943-05-22) 22 May 1943 (age 77)Prestwich, England",,,,,Choreographer,1976–present,,,Angus Ion,,Laurence Olivier AwardCarl Alan Award,,,,,arlenephillips.com arlenelive.com,Arlene Phillips,,,,,,,2,,,Theatre Choreographerdirectortelevision Personalitytelevision judgeformer dancer,,,,,,,,British,,,,,,,,,,,,,,,,,,,,,,,,,,,,,,,,,,,,,,,,,,AnnieStarlight ExpressSaturday Night FeverHot GossipLoose WomenStrictly Come DancingSYTYCD WWRY,,,,
85,"Maya Mikhailovna Plisetskaya(1925-11-20)20 November 1925Moscow, Russian SFSR, Soviet Union","2 May 2015(2015-05-02) (aged 89)Munich, Germany",,,,"
Ballerina
choreographer
ballet director
actress
",,,Rodion Shchedrin (m. 1958),,,"Full cavalier of the Order ""For Merit to the Fatherland""",,,,,The Plisetskaya-Shchedrin Foundation,Maya Plisetskaya,,,,,,,,,,,,,,,,,,,,,,,,,,,,,,,,,,,,,,,,,,,,,,,,,,,,,,,,,,,,,"Ballet, modern",,,
86,"Eleanor Torrey Powell(1912-11-21)November 21, 1912Springfield, Massachusetts, U.S.","February 11, 1982(1982-02-11) (aged 69)Beverly Hills, California, U.S.",,Hollywood Forever Cemetery,,"Dancer, actress",1928–1953,,Glenn Ford(m. 1943; div. 1959),,,,,,,,,Eleanor Powell,,,,,,,Peter Ford[1],,,,,,,,,,,,,,,,,,,,,,,,,,,,,,,,,,,,,,,,,,,,,,,,,,,,,,,,,
87,"Prince Rogers Nelson(1958-06-07)June 7, 1958Minneapolis, Minnesota, U.S.","April 21, 2016(2016-04-21) (aged 57)Chanhassen, Minnesota, U.S.",,,"

The Artist
Joey Coco
The Kid
Alexander Nevermind
The Artist Formerly Known as Prince (TAFKAP)
Jamie Starr
Tora Tora
Christopher Tracy
","
Musician
singer
songwriter
record producer
dancer
actor
filmmaker
",1975–2016,,Mayte Garcia(m. 1996; div. 2000)Manuela Testolini(m. 2001; div. 2006),,John L. Nelson (father)Tyka Nelson (sister),,"
Minneapolis sound
funk
R&B
rock
pop
soul
","
Vocals
guitar
keyboards
piano
bass guitar
drums
","
Warner Bros.
Paisley Park
NPG
EMI
Columbia
Arista
Universal
","
94 East
The Time
Vanity 6
Apollonia 6
The Revolution
The Family
Wendy & Lisa
Mazarati
Sheena Easton
Sheila E.
Madhouse
The New Power Generation
Chaka Khan
3rdeyegirl
",,Prince (musician),,,,,,,,,,,,,,,,,,,,,,,,,,,,,,,,,,,,,,,,,,,,,,,,,,,,,,,,,,,,,,,,
88,"Juliet Anne Prowse(1936-09-25)25 September 1936Bombay, India","14 September 1996(1996-09-14) (aged 59)Los Angeles, California, U.S.",,,,"Actress, dancer, singer",1955–1995,,Eddie Frazier (1969–70)John McCook (1972–79) (1 child),,,,,,,,,Juliet Prowse,,,,,,,,,,,,,,,,,,,,,,,,,,,,,,,,,,,,,,,,,,,,,,,,,,,,,,,,,,,,,,,,
89,"Cyvia Rambam(1888-02-20)20 February 1888Warsaw, Congress Poland, Russian Empire",12 June 1982(1982-06-12) (aged 94),,,,Ballerina and dance pedagogue,1912–1979,,Ashley Dukes (1918–1959; his death); 2 daughters,,,,,,,,,Marie Rambert,,,,,,,,,,"Founder of Ballet Rambert, now Rambert Dance Company",,,,,,,,Polish British,,,,,,,,,,,,,,,,,,,,,,,,,,,,,,,,,,,,,,,,,,,,,,
90,"Wade Jeremy William Robson[1] (1982-09-17) 17 September 1982 (age 37)[1]Brisbane, Queensland, Australia",,,,,Dancerchoreographerfilm directorproducersongwritermusician,1989 (1989)–present,,Amanda Rodriguez (m. 2005)[2],,,"Primetime Emmy Award 2007, 2008 Outstanding Choreography  2007 So You Think You Can Dance Outstanding Choreography  2008 So You Think You Can Dance ",Hip hopdance,,MJJWade Robson Creations,Quo,waderobsoncreations.com,Wade Robson,,,,,,,1,,,,,,,,,,,,,,,,,,,,,,,,,,,,,,,,,,,,,,,,,,,,,,,,,,,,,,,,,
91,"Luther Robinson(1878-05-25)May 25, 1878Richmond, Virginia","November 25, 1949(1949-11-25) (aged 71)New York City, New York",,,,"Dancer, actor, activist",1900–1943,,Lena Chase(m.1907–1922; divorced)Fannie S. Clay(m.1922–1943; divorced)Elaine Plaines(m.1944–1949; his death),,,,,,,,,Bill Robinson,,,,,,,,,,,,,,,,,,,,,,,,,,,,,,,,,,,,,,,,,,,,,,,,,,,,,,,,,,,,,,,,
92,"Margaret O'Rene RyanAugust 28, 1924Long Beach, California, U.S.","October 30, 2004(2004-10-30) (aged 80)Las Vegas, Nevada, U.S.",,,,"Actress, dancer",1930–1983,,James CrossRay McDonaldEddie Sherman,,,,,,,,,Peggy Ryan,,,,,,,,,,,,,,,,,,,,,,,,,,,,,,,,,,,,,,,,,,,,,,,,,,,,,,,,,,,,,,,,
93," (1974-01-10) 10 January 1974 (age 46)Bombay, Maharashtra, India",,,,,Actor,1980–present,,Sussanne Khan(m. 2000; div. 2014),,See Roshan family,Full list,,,,,,Hrithik Roshan,,,,,,,2,,,,,,,,Rakesh Roshan (father),Sydenham College (B.Com),,,,,,,,,,,,,,,,,,,,,,,Full list,,,,,,,,,,,,,,,,,,,,,,,,,
94,"Adam Manucharian (1992-06-29) June 29, 1992 (age 27)Los Angeles, California, U.S.",,,,,"Dancer, actor",,,,,,,,,,,,Adam G. Sevani,,,,,,,,,,,,,,,,,,,,,,,,,,,,,,,,,,,,,,,,,,,,,,,,,,,,,,,,,,,,,,,,
95,"Ruth Denis(1879-01-20)January 20, 1879Newark, New Jersey, U.S.","July 21, 1968(1968-07-21) (aged 89)Los Angeles, California",,,,,,,Ted Shawn,,,,,,,,,Ruth St. Denis,,,,,,,,,,Modern dance,,,,,,,,American,,,,,,,,,,,,,,,,,,,,,,,,,,,,,,,,,,,,,,,,,,,,,,
96,"Benjamin Daniel Schwimmer (1984-01-18) January 18, 1984 (age 36)Newport Beach, California, U.S.",,,,,"Dancer, choreographer, actor",2006–present,,,,Lacey Schwimmer (sister)Heidi Groskreutz (cousin),,,,,,Benji Schwimmer official website,Benji Schwimmer,,,,,,,,,,,,,,,Buddy Schwimmer (father),,,,,,,,,,,,,,,,,,,,,,,,,,,,,,,,,,,,,,,,,,,,,,,So You Think You Can Dance,,
97,"James Titus Godbolt(1927-10-02)October 2, 1927Atlanta, Georgia, United States","May 16, 2008(2008-05-16) (aged 80)Hanson, Massachusetts, United States",,,,Tap dancer,1948–2008,,,,,,,,,,,Jimmy Slyde,,,,,,,,,,,,,,,,,,,,,,,,,,,,,,,,,,,,,,,,,,,,,,,,,,,,,,,,,,,,,,,,
98,"Britney Jean Spears (1981-12-02) December 2, 1981 (age 38)McComb, Mississippi, U.S.",,,,,"
Singer
songwriter
dancer
actress
",1992 (1992)–present,"Kentwood, Louisiana, U.S.","
Jason Allen Alexander(m. 2004; ann. 2004)
Kevin Federline(m. 2004; div. 2007)
",Sam Asghari,"
Bryan Spears (brother)
Jamie Lynn Spears (sister)
",Full list,"
Pop
dance-pop
",Vocals,"
Jive
RCA
",Innosense,britneyspears.combritney.com,Britney Spears,,,,,,,2,,,,,,,,"
James Spears
Lynne Spears
",,,,,,,,,,,,,,,,,,,,,,,,,,,,,,,,,,,,,,,,,,,,,,,,,
99,"(1902-02-19)February 19, 1902Louisville, Kentucky","May 18, 1986(1986-05-18) (aged 84)Baldwin Hills, California",,,,Vaudeville performer and tap dancer,,,,,,,,,,,,John W. Bubbles,,,,,,,,,,,,,,,,,,,,,,,,,,,,,,,,,,,,,,,,,,,,,,,,,,,,,,,,,,,,,,,,
100," (1991-03-07) 7 March 1991 (age 29)Kolkata, West Bengal, India",,,,,ActorDancerChoreographerHost,2011–present,,,,,,,,,,,Shantanu Maheshwari,,,,,,,,,H.R. College of Commerce and Economics,Dil Dosti DanceWorld of Dance (Winner)Jhalak Dikhhla Jaa (season 9)Fear Factor: Khatron Ke Khiladi 8 (Winner)Nach Baliye 9,,,,,,,,Indian,,,,,,,,,,,,,,,,,,,,,,,,,,,,,,,,,,,,,,,,,,,"Dances – Hip Hop,Popping,Street Dance, Bollywood, Folk",,,
101," (1985-10-12) 12 October 1985 (age 34)Delhi, India",,,,,"Dancer, choreographer",2009–present,,,,Neeti Mohan (sister)Kriti Mohan (sister)Mukti Mohan (sister),,,,,,,Shakti Mohan,,,,,,,,,,,,,,,Brijmohan SharmaKusum Mohan,"St. Xavier's College, Mumbai",,,,,,,,,,,,,,,,,,,,,,,,,,,,,,,,,,,,,,,,,,,,,,,,
102,,,,,,,,,,,,,"
K-pop
dance-pop
electronic
R&B
hip hop
",,"
SM
Label SJ
Avex Trax
Media Asia
UMG
","
Super Junior-K.R.Y.
Super Junior-T
Super Junior-M
Super Junior-H
Super Junior-D&E
SM Town
",superjunior.smtown.com,Super Junior,"Seoul, South Korea",,2005–present,"
Leeteuk
Heechul
Yesung
Shindong
Sungmin
Eunhyuk
Siwon
Donghae
Ryeowook
Kyuhyun
",,,,,,,,,,,,,,,"
Hangeng
Kangin
Kibum
",,,Super Junior 05 (2005-2006),,,,,,,,,,,,,,,,,,,,,,,,,,,,,,,,,,,,,,,,,,
103,"(1804-04-23)23 April 1804Stockholm, Sweden","22 April 1884(1884-04-22) (aged 79)Marseille, France",,,,danseuse,1824–1847,,Comte Auguste Gilbert de Voisins,,Paul Taglioni (brother),,,,,,,Marie Taglioni,,,,,,,,,,"La Sylphide, other romantic ballets",,,,,,,,,,,,,,,,,,,,,,,,,,,,,,,,,,,,,,,,,,,,,,,,,,,,,Filippo Taglioni,Sophie Karsten
104,,,,,,"Belly dancer, Master Teacher, choreographer",1999–present,,,,,,,,,,laylataj.com,Layla Taj,,,,,,172.72 cm (5 ft 8 in),,,,,,,"Raqs al-sharqi, Egyptian Folklore, Pharonic",,,,,,,,,,,,,,,,,,,,,,,,,,,,,,,,,,,,,,,,,,,,,,,,,,,
105," (1941-07-01) July 1, 1941 (age 78)Portland, Indiana, U.S.[1]",,,,,"Choreographer, dancer",1960s–present,,,,,"Drama Desk Award for Outstanding Choreography, 2003 Movin' Out Primetime Emmy Award for Outstanding Choreography 1985 Baryshnikov by Tharp With American Ballet Theatre  Tony Award for Best Choreography 2003 Movin' Out",,,,,www.twylatharp.org ,Twyla Tharp,,,,,,,,,,,,,,,,,,,,,,,,,,,,,,,,,,,,,,,,,,,,,,,,,,,,,,,,,,,,,,,,
106,"Daniel Arnold Tidwell(1984-08-01)August 1, 1984Norfolk, Virginia, United States","March 6, 2020(2020-03-06) (aged 35)",,,,,,,David Benaym (m. Error: Invalid time.),,,,,,,,,Danny Tidwell,,,,,,,,,,,,,"Contemporary, Ballet",,,,,,,,,,,,,,,,,,,,,,,,,,,,,,,,,,,,,,,,,,,,,,,,,,,
107,"4 April 1908London, England","19 April 1987(1987-04-19) (aged 79)New York City, New York, U.S.",,Ashes in Woodlawn Cemetery in Zen Institute of America plot,,,,,,,,,,,,,,Antony Tudor,,,,,,,,,,,,,,,,,,,,,,,,,,,,,,,,,,,,,,,,,,,,,,,,,,,,,,,,,,,,,,,,
108,"8 December 1900Udaipur, Udaipur State, British India","26 September 1977 (aged 76)Kolkata, West Bengal, India",,,,"Dancer, choreographer",,,Amala Shankar,,,,,,,,,Uday Shankar,,,,,,,Ananda ShankarMamata Shankar,,,,,,,,,,,Indian,,,,,,,,,,,,,,,,,,,,,,Sangeet Natak Akademi Fellowship (1962)Padma Vibhushan (1971),,,,,,,,,,,,,,,,,,,,,,,,
109,"Галина Сергеевна Уланова(1910-01-08)8 January 1910Saint Petersburg, Russian Empire",21 March 1998(1998-03-21) (aged 88),,"Novodevichy Cemetery, Moscow",,Prima ballerina assoluta,,,,,,People's Artist of the USSR,,,,,,Galina Ulanova,,,,,,,,,,"Romeo and Juliet, Giselle, Swan Lake",,,,,,,,,,"Mariinsky Theatre, Bolshoi Theatre",,,,,,,,,,,,,,,,,,,,,,,,,,,,,,,,,,,,,,,,,,,,
110,"Agrippina Yakovlevna Vaganova26 June 1879Saint Petersburg, Russian Empire","5 November 1951(1951-11-05) (aged 72)Leningrad (Saint Petersburg), Soviet Union",,,,"Ballet dancer, teacher",,,,,,,,,,,,Agrippina Vaganova,,,,,,,,,,,,,,,,,,Russian-Armenian,,,,,,,,,,,,,,,,,,,,,,,,,,,,,,,,,,,,,,,,,,,,,,
111,"July 22, 1901Lincoln, Nebraska","July 15, 1975(1975-07-15) (aged 73)New York, NY",,,,,,,,,,,,,,,,Charles Weidman,,,,,,,,,,Choreography,Modern dance,,,,,,,,,,,,,,,,,,,,,,,,,,,,,,,,,,,,,,,,,,,,,,,,,,,,,
112,"Karoline Sophie Marie Wiegmann(1886-11-13)13 November 1886Hanover, German Empire","18 September 1973(1973-09-18) (aged 86)West Berlin, West Germany",,,,,,,,,,,,,,,,Mary Wigman,,,,,,,,,,modern dance and dance therapy,Expressionist dance,,,,,,,German,,,,,,,,,,,,,,,,,,,,,,,,,,,,,,,,,,,,,,,,,,,,,,
113,"(1890-08-31)31 August 1890Hamburg, German Empire","11 June 1992(1992-06-11) (aged 101)Basel, Switzerland",,,,"
Expressionist dancer
Dance instructor
",,,Charles Ferdinand Vaucher (1939–1947; divorced),,,,,,,,,Katja Wulff,,,,,,,,,,,,,,,,,,"German, Swiss",,,,,,,,,,,,,,,,,,,,,,,,,,,,,,,,,,,,,,,,,,,,,,
