,Born,Died,Nationality,Alma mater,Known for,Fields,name,Citizenship,Occupation,Years active,Profession,Field,Sub-specialties,Notable works,Other names,Era,Region,School,Main interests,Notable ideas,Influences,School or tradition,Influenced,Spouse(s),Children,Awards,Institutions,Allegiance,Service/branch,Years of service,Rank,Battles/wars,Education,Relatives,Research,Resting place,Website,Doctoral advisor,Notable students,Cause of death,Parent(s),Academic advisors,Author,Original title,Illustrator,Country,Language,Subject,Publication date,Author abbrev. (zoology),Title,Notable work,Other academic advisors,Preceded by,Succeeded by,Signature,Doctoral students,Organization,Parents,Civilian awards,Branch/service,Military awards,Thesis,Time in space,Selection,Missions
0,"(1902-07-26)26 July 1902New Bedford, Massachusetts",(1943-09-10)10 September 1943 (Age 41),American,University of Pennsylvania,"Miller-Abbott tube, Abbott Rawson tube",Medicine,William Osler Abbott,,,,,,,,,,,,,,,,,,,,,,,,,,,,,,,,,,,,,,,,,,,,,,,,,,,,,,,,,,,
1,"(1909-06-07)June 7, 1909Westfield, New Jersey, U.S.","August 7, 1974(1974-08-07) (aged 65)Manhattan, New York, U.S.",,,Inventor of the Apgar score,,Virginia Apgar,American,Anesthesiologist,1937–1974,Doctor,"Anesthesiology, teratology",Obstetric anesthesiology,"Is My Baby All Right? A Guide to Birth Defects, with Joan Beck",,,,,,,,,,,,,,,,,,,,,,,,,,,,,,,,,,,,,,,,,,,,,,,,,,,,
2,"(1126-04-14)14 April 1126Córdoba, Al-Andalus, Almoravid emirate (in present-day Spain)","11 December 1198(1198-12-11) (aged 71–72)Marrakesh, Maghreb, Almohad Caliphate (Morocco)",,,,,Averroes,,,,,,,,Abū l-Walīd Muḥammad ibn ʾAḥmad ibn Rushd,"Medieval, Islamic Golden Age",Islamic philosophy,Aristotelianism,"Islamic theology, philosophy, Islamic jurisprudence, medicine, astronomy, physics, linguistics","Relation between Islam and philosophy, non-contradiction of reason and revelation, unity of the intellect",,,,,,,,,,,,,,,,,,,,,,,,,,,,,,,,,,,,,,,,,,,,,,
3,"(980-08-23)August 23, 980[1]Afshona, Bukhara, Samanid Empire (now in present-day Uzbekistan)","June 22, 1037(1037-06-22) (aged 56)[1]Hamadān, Iran",,,,,Avicenna,,,,,,,"
The Book of Healing
The Canon of Medicine
",Sharaf al-MulkHujjat al-HaqSheikh al-RayeesIbn-Sino (Abu Ali Abdulloh Ibn-Sino)Bu Alī Sīnā (بو علی سینا),Islamic Golden Age,,,"
MedicineAromatherapy
Philosophy and logic
Kalām (Islamic theology)
SciencePoetry
",,HippocratesAristotleGalenNeoplatonismal-FarabiRhazesAl-Birunial-MasihiAbul Hasan Hankari,Avicennism,Al-BiruniOmar KhayyámIbn RushdShahab al-Din SuhrawardiTusiIbn al-NafisIbn TufailAlbertus MagnusMaimonidesDuns Scotus[2]AquinasWilliam of OckhamAbu 'Ubayd al-JuzjaniEnlightenment philosophersHossein Nasr[3],,,,,,,,,,,,,,,,,,,,,,,,,,,,,,,,,,,,,,,,,,,
4,"(1891-11-14)November 14, 1891Alliston, Ontario, Canada","February 21, 1941(1941-02-21) (aged 49)Near Musgrave Harbour, Dominion of Newfoundland",Canadian,University of Toronto,"Co-discoverer of insulin
",,Frederick Banting,,,,,,,,,,,,,,,,,Marion Robertson(m. 1924; div. 1932)Henrietta Ball (m. 1937),1,Military Cross,University of Western Ontario, Canada,Royal Canadian Army Medical Corps,1916–1918,Captain,World War I,,,,,,,,,,,,,,,,,,,,,,,,,,,,,,,,,,
5,"Christiaan Neethling Barnard(1922-11-08)8 November 1922Beaufort West, Cape Province,  Union of South Africa","2 September 2001(2001-09-02) (aged 78)Paphos, Cyprus",,,first successful human-to-human heart transplant,,Christiaan Barnard,,,1950–2001,Surgeon,,Cardiothoracic surgeryHeart transplantation,,,,,,,,,,,,,,Groote Schuur HospitalUniversity of Minnesota,,,,,,University of Cape TownUniversity of Minnesota,Marius Barnard,,,,,,,,,,,,,,,,,,,,,,,,,,,,,,,,
6,"(1899-02-27)February 27, 1899West Pembroke, Maine, U.S.","March 31, 1978(1978-03-31) (aged 79)Toronto, Ontario, Canada",Canadian,University of Toronto,Co-discoverer of insulin,PhysiologistBiochemistry,Charles Best (medical scientist),,,,,,,,,,,,,,,,,Margaret Mahon (1900–1988)(m. 1924; his death 1978),, Flavelle Medal (1950)Gairdner Foundation International Award (1971)Order of CanadaOrder of the British EmpireOrder of the Companions of Honour,,,,,,,,,,,,,,,,,,,,,,,,,,,,,,,,,,,,,,,,
7,"Henry Norman BethuneMarch 4, 1890Gravenhurst, Ontario, Canada","November 12, 1939(1939-11-12) (aged 49)Tang County, Hebei, China",Canadian,,"Developing mobile medical units, surgical instruments and a method for transporting blood for transfusions.",,Norman Bethune,,,,"Physician, Surgeon, Communist",,,,,,,,,,,,,,,,"Royal Victoria Hospital, Hôpital du Sacré-Coeur de Montréal",,,,,,University of Toronto,,,,,,,,,,,,,,,,,,,,,,,,,,,,,,,,,
8,"Christian Albert Theodor Billroth(1829-04-26)26 April 1829Bergen auf Rügen, Pomerania, Prussia","6 February 1894(1894-02-06) (aged 64)Opatija, Austrian Littoral, Austria-Hungary",,,Being the founding father of modern abdominal surgery First successful gastrectomy for gastric cancerApplying scientific methods to musicality,,Theodor Billroth,,,,Surgeon,,Abdominal surgery,,,,,,,,,,,,,,"Surgical hospital and clinic, ZurichUniversity of ZurichAllgemeine KrankenhausUniversity of Vienna",,,,,,"University of Greifswald, University of Göttingen, University of Berlin",,,,,,,,,,,,,,,,,,,,,,,,,,,,,,,,,
9,"(1821-02-03)3 February 1821Bristol, England","31 May 1910(1910-05-31) (aged 89)Hastings, England",British,Geneva Medical College,,,Elizabeth Blackwell,British and American,Physician,,,,,,,,,,,,,,,,,,,,,,,,,,,,,,,,,,,,,,,,,,,,,,,,,,,,,,,,,
10,"(1899-04-05)April 5, 1899Culloden, Georgia, United States","September 15, 1964(1964-09-15) (aged 65)",,,,,Alfred Blalock,,,,Surgeon,,,,,,,,,,,,,,,"
Lasker-DeBakey Clinical Medical Research Award (1954)
Gairdner Foundation International Award (1959)
","Johns Hopkins Hospital, Vanderbilt University Hospital",,,,,,University of GeorgiaJohns Hopkins School of Medicine,,"Tetralogy of Fallot, shock",,,,,,,,,,,,,,,,,,,,,,,,,,,,,,,
11,1772 ,1843  (aged 70–71),,,,,James Carson (physician),,,,,,,,,,,,,,,,,,,,,,,,,,,,,,,,,,,,,,,,,,,,,,,,,,,,,,,,,,,
12,"charaka100 BCE - 200 CETaxila, present day Pakistan",,,,"Author of Charaka Samhita, written in Sanskrit ",Medicine,Charaka,,,,,,,,,,,,,,,,,,,,,,,,,,,,,"Taxila, present day Pakistan",,,,,,,,,,,,,,,,,,,,,,,,,,,,,,
13,"(1825-11-29)29 November 1825Paris, France","16 August 1893(1893-08-16) (aged 67)Lac des Settons, France",French,,Studying and discovering neurological diseases,Neurologist and professor of anatomical pathology,Jean-Martin Charcot,,,,,,,,,,,,,,,,,,,,Pitié-Salpêtrière Hospital,,,,,,,,,,,,,,,,,,,,,,,,,,,,,,,,,,,,,,,
14,"c. 1300Chaulhac, Lozère, France","1368 (aged 67–68)Avignon, France",,,,,Guy de Chauliac,,physician and surgeon,,,,,Chirurgia Magna,,,,,,,,,,,,,,,,,,,,,,,,,,,,,,,,,,,,,,,,,,,,,,,,,,,,
15,"(1950-10-24)October 24, 1950",,United States,Pacific UniversityUniversity of Nevada-RenoUniversity of Utah,,Health SciencesExercise Physiology,Loren Cordain,,,,,,,,,,,,,,,,,,,,Colorado State University,,,,,,,,,,The Paleo Diet,,,,,,,,,,,,,,,,,,,,,,,,,,,,,
16,"Harvey Williams Cushing(1869-04-08)April 8, 1869Cleveland, Ohio, US","October 7, 1939(1939-10-07) (aged 70)New Haven, Connecticut, US",,,Pioneering brain surgeryCushing's syndrome,,Harvey Cushing,,Surgeon; neurosurgeon,1895–1935,,,,,,,,,,,,,,,William Harvey CushingMary Benedict CushingBetsey Maria CushingHenry Kirke CushingBarbara Cushing,"Cameron Prize for Therapeutics of the University of Edinburgh 1924
Pulitzer Prize 1926",,,,,,,Yale UniversityHarvard Medical SchoolJohns Hopkins Hospital,,,,,,,,,,,,,,,,,,,,,,,,,,,,,,,,,
17,"1501 or 1502Castelo de Vide, Kingdom of Portugal","1568Goa, Portuguese India",,,,,Garcia de Orta,,Physician and naturalist,,,,,,,,,,,,,,,,,,,,,,,,,,,,,,,,,,,,,,,,,,,,,,,,,,,,,,,,,
18,"Gerhard Johannes Paul Domagk(1895-10-30)30 October 1895Lagow, Brandenburg(now Poland)",24 April 1964(1964-04-24) (aged 68)Burgberg,German,University of Kiel,Development of sulfonamides [1] such as Prontosil,Bacteriology,Gerhard Domagk,,,,,,,,,,,,,,,,,Gertrud Strube,One daughter and three sons,Cameron Prize for Therapeutics of the University of Edinburgh (1939)Nobel Prize in Medicine (1939)Fellow of the Royal Society (1959)[2],,,,,,,,,,,,,,,,,,,,,,,,,,,,,,,,,,,,,,,,
19,"(1904-06-03)June 3, 1904Washington, D.C., U.S.","April 1, 1950(1950-04-01) (aged 45)Burlington, North Carolina, U.S.",American,"Amherst College, McGill University, Columbia University","Blood banking, blood transfusions",General surgery,Charles R. Drew,,,,,,,,,,,,,,,,,,,Spingarn Medal,Freedman's HospitalMorgan State UniversityMontreal General HospitalHoward University,,,,,,,,,,,John Beattie,,,,,,,,,,,,,,,,,,,,,,,,,,,,
20,"September 129 ADPergamon, Asia, Roman Empire","c. 210 ADRome, Roman Empire",Greek,,,,Galen,,Physician,,,,,,,,,,,,,,,,,,,,,,,,,,,,,,,,,,,,,,,,,,,,,,,,,,,,,,,,,
21,"14 March 1854 (1854-03-14)Strehlen, Lower Silesia, Prussia (now Strzelin, Poland)","20 August 1915 (1915-08-21) (aged 61)Bad Homburg, Hesse, Germany",,,"Chemotherapy, Immunology",Immunology,Paul Ehrlich,German,,,,,,,,,,,,,,,,Hedwig Pinkus (1864–1948) (m. 1883; 2 children),Stephanie and Marianne,"Nobel Prize in Physiology or Medicine (1908) 
Cameron Prize of the University of Edinburgh (1914)",,,,,,,,,,,,,Hans Schlossberger,,,,,,,,,,,,,,,,,,,,,,,,,,,
22,"(1858-08-11)11 August 1858Nijkerk, Netherlands","5 November 1930(1930-11-05) (aged 72)Utrecht, Netherlands",Dutch,,"Beriberi, vitamins",Physiology,Christiaan Eijkman,,,,,,,,,,,,,,,,,,,Nobel Prize for Physiology or Medicine (1929),,,,,,,,,,,,,,,,,,,,,,,,,,,,,,,,,,,,,,,,
23,"circa, 1678Saint-Denis-de-Gastines, France","March 22, 1761(1761-03-22) (aged 83)Paris, France",,,,,Pierre Fauchard,,,,,,,,,,,,,,,,,,,,,,,,,,,,,,,,,,,,,,,,,,,,,,,,,,,,,,,,,,,
24,"René Gerónimo FavaloroJuly 14, 1923La Plata, Argentina","July 29, 2000(2000-07-29) (aged 77)Buenos Aires, Argentina",Argentine,National University of La Plata,,,René Favaloro,,,1949–2000,,,,,,,,,,,,,,María Antonia Delgado (1951–1998),,"Prince Mahidol Award (1998), Order of the Sun of Peru (1973), Order of Merit of the Italian Republic (1978), Canada Gairdner International Award (1987), Golden Plate Award (1993), Konex Award (1993)",,,,,,,,,,,,,,Suicide by gunshot,Juan Manuel Favaloro and Geni Ida Raffaeli[1],,,,,,,,,,,,,,,,,,,,,,,,,
25,"(1881-08-06)6 August 1881Darvel, East Ayrshire, Scotland","11 March 1955(1955-03-11) (aged 73)London, England",,Royal Polytechnic InstitutionSt Mary's Hospital Medical SchoolImperial College London,Discovery of penicillin and Lysozyme,"Bacteriology, immunology",Alexander Fleming,British,,,,,,,,,,,,,,,,,,"
FRS (1943)[1]
Knight Bachelor (1944)
Cameron Prize for Therapeutics of the University of Edinburgh (1945)
Nobel Prize (1945)[2]
FRSE
FRCS(Eng)
",,,,,,,,,,St. Paul's Cathedral,,,,,,,,,,,,,,,,,,,,,,,,,,,,,,
26,"Sigismund Schlomo Freud(1856-05-06)6 May 1856Freiberg in Mähren, Moravia, Austrian Empire(now Příbor, Czech Republic)","23 September 1939(1939-09-23) (aged 83)Hampstead, London, United Kingdom",,University of Vienna (MD),Psychoanalysis,"Neurology, psychotherapy, psychoanalysis",Sigmund Freud,,,,,,,,,,,,,,BrentanoBreuerCharcotDarwinDostoyevskyEmpedoclesFechnerFliessGoethevon HartmannHerbartKierkegaardNietzschePlatoSchopenhauerShakespeareSophocles,,"
List of psychoanalysts
List of psychoanalytical theorists
",Martha Bernays (m. 1886),"Mathilde, Jean-Martin, Oliver, Ernst, Sophie, and Anna","
Goethe Prize (1930)
Foreign Member of the Royal Society[2]
",University of Vienna,,,,,,,,,,,,,,,"
Franz Brentano
Ernst Brücke
Carl Claus
",,,,,,,,,,,,,,,,,,,,,,,,
27,"(1923-09-09)September 9, 1923Yonkers, New York, U.S.","December 12, 2008(2008-12-12) (aged 85)Tromsø, Norway",United States,"University of Rochester, Harvard Medical School",Early discovery of prion disease,Medicine,Daniel Carleton Gajdusek,,,,,,,,,,,,,,,,Lukas Plank,,,E. Mead Johnson Award (1963)Nobel Prize in Physiology or Medicine (1976),,,,,,,,,,,,,,,,,,,,,,,,,,,,,,,,,,,,,,,,
28,"(1855-12-23)December 23, 1855[1]Downieville, California","December 7, 1910(1910-12-07) (aged 54)[1]Los Angeles, California",American,,Authority on gunshot wounds,,George E. Goodfellow,,"Physician, surgeon",,,,,,,,,,,,,,,Katherine ColtMary Elizabeth,Edith GoodfellowGeorge M. Goodfellow,,,,,,,,,,,,,,,,,,,,,,,,,,,,,,,,,,,,,,,,,
29,"1827Belgravia, London","13 June 1861(1861-06-13) (aged 34)Belgravia, London",,,Gray's Anatomy,Anatomy,Henry Gray,,,,,,,,,,,,,,,,,,,,,,,,,,,,,,,,,,,,,,,,,,,,,,,,,,,,,,,,,,,
30,,,,,,,Gray's Anatomy,,,,,,,,,,,,,,,,,,,,,,,,,,,,,,,,,,,,Henry Gray,Anatomy: Descriptive and Surgical,Henry Vandyke Carter,England,English,Human anatomy,1858,,,,,,,,,,,,,,,,,
31,"Ernst Heinrich Philipp August Haeckel(1834-02-16)16 February 1834Potsdam, Kingdom of Prussia","9 August 1919(1919-08-09) (aged 85)Jena, Weimar Republic",German,"
University of Berlin
University of Würzburg
University of Jena
",,,Ernst Haeckel,,,,,,,,,,,,,,,,,,,"
Linnean Medal (1894)
Darwin–Wallace Medal (Silver, 1908)
",University of Jena,,,,,,,,,,,,,,,,,,,,,,,Haeckel,,,,,,,,,,,,,,,,
32,"1 April 1578Folkestone, Kent, England","3 June 1657(1657-06-03) (aged 79)Roehampton, London, England",English,"Gonville and Caius College, CambridgeUniversity of Padua","De Motu Cordis, 1628 (translated as Anatomical Account of the Circulation of the Heart and Blood in 1928) on systemic circulation",MedicineAnatomy,William Harvey,,,,,,,,,,,,,,,,René Descartes[1],,,,,,,,,,,,,,,Hieronymus Fabricius,,,,,,,,,,,,,,,,,,,,,,,,,,,,
33,"Henry Judah Heimlich(1920-02-03)February 3, 1920Wilmington, Delaware, U.S.","December 17, 2016(2016-12-17) (aged 96)Cincinnati, Ohio, U.S.",,,"Abdominal thrusts (""Heimlich maneuver"")Flutter valve",,Henry Heimlich,,,1943–2016,Physician and medical researcher,,,,,,,,,,,,,,,Lasker Award (1984) Engineering and Science Hall of Fame (1985)Golden Plate Award of Academy of Achievement (1985)[1]Safety and Health Hall of Fame (1993),Deaconess Associations (Heimlich Institute)Physicians Committee for Responsible Medicine,,,,,,"MD, Cornell University",,,,,,,,,,,,,,,,,,,,,,,,,,,,,,,,,
34,"June 18, 1906Baoba, Pennsylvania","September 6, 2002(2002-09-06) (aged 96)New Haven, Connecticut",,"Lafayette College, University at Buffalo",PenicillinFetal heart monitor,Medicine(obstetrics and gynaecology),Orvan Hess, United States,,,,,,,,,,,,,,,,,,AMA Scientific Achievement Award,Yale-New Haven HospitalYale School of Medicine,,,,,,,,,,,,,,,,,,,,,,,,,,,,,,,,,,,,,,,
35,"c. 460 BCKos, Ancient Greece","c. 370 BC(aged c. 90)Larissa, Ancient Greece",,,,,Hippocrates,,Physician,,,,,,,Classical Greece,,,,,,,,,,,,,,,,,,,,,,,,,,,,,,,,,,,The Father of Western Medicine,,,,,,,,,,,,,,,
36,"(1728-02-13)13 February 1728Long Calderwood near East Kilbride, Scotland","16 October 1793(1793-10-16) (aged 65)London, England",,,Scientific method in medicineMany discoveries in surgery and medicine,,John Hunter (surgeon),,,,Surgeon,,,,,,,,,,,,,,,Copley Medal (1787),St George's Hospital,,,,,,St. Bartholomew's Hospital,,"Dentistry, gunshot wounds, venereal diseases, digestion, child development, foetal development, lymphatic system",,,,,,,,,,,,,,,,,,,,,,,,,,,,,,,
37,"(1925-09-12)September 12, 1925Wirges, Germany","July 18, 2019(2019-07-18) (aged 93)Boston, Massachusetts, U.S.",American,Harvard CollegeHarvard Medical School,GalactosemiaLiver diseaseHarrison's Principles of Internal MedicineGastrointestinal Unit at the Massachusetts General HospitalMassachusetts General Hospital Cancer Center,MedicineOncologyGastroenterology,Kurt Julius Isselbacher,,,,,,,,,,,,,,,,,Rhoda Solin Isselbacher (m. 1955⁠–⁠2015) (4 children),,National Academy of SciencesNational Research CouncilAmerican Academy of Arts and SciencesInstitute of MedicineAmerican Gastroenterological AssociationAmerican Association for the Study of Liver DiseasesAssociation of American PhysiciansFood and Drug Administration,National Institutes of HealthHarvard Medical SchoolMassachusetts General Hospital,,,,,,,,,,,,,,,,,,,,,,,,,,,,,,,,,,,,,,,
38,"17 May 1749Berkeley, Gloucestershire, England","26 January 1823(1823-01-26) (aged 73)Berkeley, Gloucestershire, England",British,"
St George's, University of London
University of St Andrews
",Smallpox vaccineVaccination,"Medicine/surgery, natural history",Edward Jenner,,,,,,,,,,,,,,,,,,,,,,,,,,,,,,,,,,,John Hunter,,,,,,,,,,,,,,,,,,,,,,,,
39,"June 6, 1869Oxford, Massachusetts","January 28, 1962Brookline, Massachusetts",,,,,Elliott P. Joslin,,"Physician, writer",,,,,,,,,,,,,,,,,,,,,,,,,,,,,,,,,,,,,,,,,,,,,,,,,,,,,,,,,
40,"Carl Gustav Jung(1875-07-26)26 July 1875Kesswil, Thurgau, Switzerland","6 June 1961(1961-06-06) (aged 85)Küsnacht, Zürich, Switzerland",,University of Basel,"
Analytical psychology
Psychological types
Collective unconscious
Complex
Archetypes
Anima and animus
Synchronicity
Shadow
Extraversion and introversion
","
Psychiatry
psychology
",Carl Jung,,,,,,,,,,,,,,"
Bleuler
Freud
Goethe
Hartmann[1]
Heraclitus[2]
Nietzsche[3]
Schopenhauer[3]
",,"
Gaston Bachelard[4]
Joseph Campbell
Philip K. Dick
Hermann Hesse
James Hillman
Terence McKenna
Erich Neumann
Ross Nichols
Jordan Peterson[5]
Alan Watts
",Emma Jung,,"honorary doctorates from Clark University, Fordham University, Harvard University, University of Allahabad, University of Benares, University of Calcutta, University of Oxford, University of Geneva, Swiss Federal Institute of Technology in Zurich, Honorary Member of the Royal Society of Medicine","Burghölzli, Swiss Army (commissioned officer in World War I)",,,,,,,,,,,Eugen Bleuler,,,,,,,,,,,,,,,,,,,,,,,,,,,,
41,"Chaskel Leib Kanner(1894-06-03)June 3, 1894Klekotów, Austria-Hungary","April 3, 1981(1981-04-03) (aged 86)Sykesville, Maryland, U.S.",,,Being the Father of Child Psychiatry,,Leo Kanner,,Child Psychiatrist,,,,,,,,,,,,,,,,,,,,,,,,,,,,,,,,,,,,,,,,,,,Autistic Disturbances of Affective Contact,,,,,,,,,,,,,,
42,"Heinrich Hermann Robert Koch(1843-12-11)11 December 1843Clausthal, Kingdom of Hanover, German Confederation","27 May 1910(1910-05-27) (aged 66)Baden-Baden, Grand Duchy of Baden, German Empire",German,University of Göttingen,"Discovery bacteriologyKoch's postulates of germ theoryIsolation of anthrax, tuberculosis and cholera",Microbiology,Robert Koch,,,,,,,,,,,,,,,,Friedrich Loeffler,,,"
ForMemRS (1897)[1]
Nobel Prize in Medicine (1905)
","Imperial Health Office, Berlin, University of Berlin",,,,,,,,,,,Georg Meissner,,,,,,,,,,,,,,,Friedrich Gustav Jakob HenleKarl Ewald HasseRudolf Virchow,,,,,,,,,,,,,
43,"(1841-08-25)25 August 1841Bern, Switzerland",27 July 1917(1917-07-27) (aged 75),,,Developer of Thyroid surgery,,Emil Theodor Kocher,,,,Surgeon,,,,,,,,,,,,,,,Nobel Prize in Physiology or Medicine (1909),University of Bern,,,,,,,,,,,,,,,,,,,,,,,,,,,,,,,,,,,,,,,
44,"René-Théophile-Hyacinthe Laennec(1781-02-17)17 February 1781Quimper, France","13 August 1826(1826-08-13) (aged 45)Ploaré, France",,University of Paris,inventing the stethoscope,,René Laennec,,,,,,,,,,,,,,,,,,,,,,,,,,,,,,,,,,,,,,,,,,,,,,,,,,,,,,,,,,,
45,"Janet Elizabeth Claypon[1]3 February 1877[2]Boston, Lincolnshire, England","17 July 1967(1967-07-17) (aged 90)Seaford, East Sussex, England",,,,,Janet Lane-Claypon,,,,Doctor,,Physician,,,,,,,,,,,Sir Edward Rodolph Forber(m. 1929; his death 1960),,,,,,,,,,,Epidemiology,,,,,,,,,,,,,,,,,,,,,,,,,,,,,,,
46,"c. 1460Brampton, Chesterfield, in Derbyshire",20 October 1524(1524-10-20) (aged 63–64),English,,,,Thomas Linacre,,"humanist scholar, physician, clergyman",,,,,,Lynaker,,,,,,,,,,,,,,,,,,,,,,,,,,,,,,,,,,,,,,,,,,,,,,,,,,,
47,"(1827-04-05)5 April 1827Upton House, West Ham, England","10 February 1912(1912-02-10) (aged 84)Walmer, Kent, England",British,,Surgical sterile techniques,Medicine,Joseph Lister,,,,,,,,,,,,,,,,,Agnes Lister (nee Syme),,Royal Medal (1880)Cameron Prize for Therapeutics of the University of Edinburgh (1890)Albert Medal (1894)Copley Medal (1902),"King's College LondonUniversity of GlasgowUniversity of EdinburghUniversity College, London",,,,,,"University College, London",,,,,,,,,,,,,,,,,,,,,The Lord Kelvin,Sir William Huggins,,,,,,,,,,,
48,"1631Tremeer House, Bodmin, Cornwall","17 January 1691Covent Garden, London",English,"Christ Church, Oxford",Neuroanatomy and transfusion studies,medicine,Richard Lower (physician),,,,,,,,,,,,,,Robert Boyle Christopher Wren,,,,,,,,,,,,,,,,,Thomas Willis,,,,,,,,,,,,,,,,,,,,,,,,,,,,
49,"1511Castelo Branco, Kingdom of Portugal","1568 (aged 56–57)Thessaloniki, Ottoman Empire",Portuguese,,Studied the circulation of the blood,physician,Amato Lusitano,,,,,,,,,,,,,,,,,,,,,,,,,,,,,,,,,,,,,,,,,,,,,,,,,,,,,,,,,,,
50,"30 March[1] or 6 April[2] 1135
Possibly born 28 March or 4 April[3]  1138Córdoba, Almoravid Empire (present-day Spain)","12 December 1204Fostat, Ayyubid Sultanate (present-day Egypt)[4]",,,,,Maimonides,,,,,,,,,Medieval philosophy,Jewish philosophy,Aristotelianism,"Religious law, Jewish law","Oath of Maimonides, Maimonides' rule, Golden mean, 13 principles of faith",,,,(1) daughter of Nathaniel Baruch (2) daughter of Mishael Halevi,,,,,,,,,,,,,,,,,,,,,,,,,,,,Mishneh TorahThe Guide for the Perplexed,,,,,,,,,,,,,,
51,"(1628-03-10)10 March 1628Crevalcore, Papal States","29 November 1694(1694-11-29) (aged 66)Rome, Papal States",Italian,University of Bologna,,"Anatomy, histology, physiology, embryology, medicine",Marcello Malpighi,,,,,,,,,,,,,,,,,,,,University of BolognaUniversity of PisaUniversity of Messina,,,,,,,,,,,Giovanni Alfonso Borelli,,,,,,,,,,,,,,,,,,,Antonio Maria Valsalva,,,,,,,,,
52,"Barry James Marshall (1951-09-30) 30 September 1951 (age 68)[1]Kalgoorlie, Western Australia",,Australian,University of Western Australia (MB BS)[1],Helicobacter pylori,"
Medicine
Microbiology
",Barry Marshall,Australian,,,,,,,,,,,,,,,,Adrienne Joyce Feldman (m. 1972)[1],"1 son, 3 daughters[1]","
Lasker Award (1995)
Buchanan Medal (1998)
FRS (1999)[2]
Prince Mahidol Award (2001)
Keio Medical Science Prize (2002)
Nobel Prize in Physiology (2005)
","
University of Western Australia
University of Virginia[3]
",,,,,,,,,,www.hpylori.com.au,,,,,,,,,,,,,,,,,,,,,,,,,,,,,
53,"(1865-07-19)July 19, 1865Rochester, Minnesota","May 26, 1939(1939-05-26) (aged 73)Chicago, Illinois",American,Northwestern University,Founding of the Mayo Clinic,"Medicine, surgery",Charles Horace Mayo,U.S.,,,,,,,,,,,,,,,,,,,,,,,,,,,,,,,,,,,,,,,,,,,,,,,,,,,,,,,,,,
54,"(1861-06-29)June 29, 1861Le Sueur, Minnesota","July 28, 1939(1939-07-28) (aged 78)Rochester, Minnesota",American,University of Michigan (M.D.),One of the principal founders of the Mayo Clinic,Medicine & Surgery,William James Mayo,,,,,,,,,,,,,,,,,,,Distinguished Service Medal (U.S. Army),Mayo Clinic,,,,,,,,,,,,,,,,,,,,,,,,,,,,,,,,,,,,,,,
55,"(1819-05-31)May 31, 1819Salford, Lancashire, England","March 6, 1911(1911-03-06) (aged 91)Rochester, Minnesota, U.S.",,,Establishing the Mayo Clinic,,William Worrall Mayo,,Doctor and chemist,,,,,,,,,,,,,,,Louise Abigail Wright (m. 1851 — his death 1911),"3 daughters:  Gertrude, Phoebe and Sarah 
2 sons  Charles Horace Mayo and William James Mayo",,,,,,,,,,,,,,,,,,,,,,,,,,,,,,,,,,,,,,,,,
56,"June 6, 1886Buenos Aires, Argentina","November 9, 1946(1946-11-09) (aged 60)Monterrey, Mexico",Argentinian,University of Buenos Aires,American trypanosomiasis,PhysicianEpidemiology,Salvador Mazza,,,,,,,,,,,,,,,,,,,,,,,,,,,,,,,,,,,,,,,,,,,,,,,,,,,,,,,,,,,
57,"(1884-04-12)12 April 1884Hanover, Kingdom of Prussia, German Empire","October 6, 1951(1951-10-06) (aged 67)Philadelphia, Pennsylvania, United States",German,University of StrasbourgUniversity of Heidelberg,Relationship between the consumption of oxygen and the metabolism of lactic acid in the muscle,Physics and Biochemistry,Otto Fritz Meyerhof,,,,,,,,,,,,,,,,,,,"Nobel Prize in Physiology or Medicine, 1922[1]Fellow of the Royal Society[2]",University of Kiel,,,,,,,,,,,,,,,,,,,,,,,,,,,,,,,,,,,,,,,
58,"( 1885-12-02)December 2, 1885Boston, Massachusetts","February 25, 1950(1950-02-25) (aged 64)Brookline, Massachusetts",United States,Harvard University,Anemia  Treatment of pernicious anemia,,George Minot,,,,,,,,,,,,,,,,,,,"Cameron Prize for Therapeutics of the University of Edinburgh (1930) 
Nobel Prize in Physiology or Medicine (1934)",Johns Hopkins School of Medicine,,,,,,,,,,,,,,,,,,,,,,,,,,,,,,,,,,,,,,,
59," (1953-01-18) January 18, 1953 (age 67)Bhubaneswar",,Indian,"All India Institute of Medical Sciences, Delhi  University of Edinburgh","Pioneering image-guided aneurysm surgery, stereotactic radiosurgery, awake craniotomy and laparoscopic spine surgery.[1]",,B. K. Misra,,Neurosurgeon,,,,,,,,,,,,,,,,,Dr. B. C. Roy Award,,,,,,,"MBBS, MS, MCh, DNB, FRCS",,,,,,,,,,,,,,,,,,,,,,,,,"Indian Council of Medical Research, Delhi  Hinduja Hospitals, Mumbai",,,,,,,,
60,1 March 1910,2 July 2002(2002-07-02) (aged 92),,,Mohs surgery,,Frederic E. Mohs,,,,Surgeon,,,,,,,,,,,,,,,,University of Wisconsin–Madison,,,,,,,,,,,,,,,,,,,,,,,,,,,,,,,,,,,,,,,
61,"António Caetano de Abreu Freire de Resende(1874-11-29)29 November 1874Avanca, Estarreja, Portugal","13 December 1955(1955-12-13) (aged 81)Lisbon, Portugal",Portuguese,University of Coimbra,"Prefrontal leucotomy, cerebral angiography",Neurologist,António Egas Moniz,,,,,,,,,,,,,,,,,Stacey Moniz ( m. 1901: d. 1945),,"Nobel Prize in Physiology or Medicine, 1949",University of Coimbra (1902); University of Lisbon (1921–1944),,,,,,,,,,,,,,,,,,,,,,,,,,,,,,,,,,,,,,,
62,"(1866-09-21)21 September 1866Rouen, France","28 February 1936(1936-02-28) (aged 69)Tunis, French Tunisia",France,University of Paris,Epidemic typhus,Bacteriology,Charles Nicolle,,,,,,,,,,,,,,,,,,,Nobel Prize in Physiology or Medicine (1928),Pasteur Institute of Tunis,,,,,,,,,,,,,,,,,,,,,,,,,,,,,,,,,,,,,,,
63, (1953-05-10) 10 May 1953 (age 67)Melbourne,,,"University of Melbourne (MBBS, MD), Monash University (PhD)",Expertise in cancer control,Cancer control and bio-ethics,Ian Olver,Australian,,,,,,,,,,,,,,,,,,Member of the Order of Australia,"Cancer Council Australia, University of Sydney",,,,,,,,,,,,,,,,,,,,,,,,,,,,,,,,,,,,,,,
64,"1952 (age 67–68)Brooklyn, New York",,,New York Medical College,,,Gary Onik,,"Medical doctor, inventor",,,,,,,,,,,,,,,,,,,,,,,,Post-graduate medical degree,,,,http://www.garyonik.com,,,,,,,,,,,,,,,,,,,,,,,,,,,,,
65,"(1849-07-12)July 12, 1849Bond Head, Province of Canada","December 29, 1919(1919-12-29) (aged 70)Oxford, England, UK",Canadian,McGill University,,"physician, pathologist, internist, educator, bibliophile, author and historian",William Osler,,,,,,,,,,,,,,,,,,,,"
McGill University
Johns Hopkins University School of Medicine
Johns Hopkins Hospital
University of Pennsylvania
University of Oxford
",,,,,,,,,,,,,,,,,,,,,,,,,,,,,,,,,,,,,,,
66,"13 May 1883Kymi, Euboea, Greece","19 February 1962(1962-02-19) (aged 78)Miami, Florida, U.S.",Greek,University of AthensUniversity of Munich,CytopathologyPap smear,Pathologist,Georgios Papanikolaou,,,,,,,,,,,,,,,,,Andromachi Mavrogeni (m. 1910),,Lasker-DeBakey Clinical Medical Research Award (1950),Cornell UniversityNew York Hospital,,,,,,,,,,,,,,,,,,,,,,,,,,,,,,,,,,,,,,,
67,"Theophrastus von Hohenheim1493 or 1494[1]Egg, near Einsiedeln, Schwyz,[2] Old Swiss Confederacy (present-day Switzerland)","24 September 1541(1541-09-24) (aged 47)Salzburg, Archbishopric of Salzburg (present-day Austria)",,University of Ferrara,,,Paracelsus,,,,,,,,"Aureolus Philippus Theophrastus, Doctor Paracelsus",Renaissance philosophy,Western philosophy,Renaissance humanism,,"Toxicology""The dose makes the poison""",,,,,,,,,,,,,,,,,,,,,,,,,,,,,,,,,,,,,,,,,,,,,,
68,"1510Bourg-Hersent near Laval, France","20 December 1590 (aged 80)Paris, France",French,,His contributions to surgery,Barber Surgery,Ambroise Paré,France,,,,,,,,,,,,,,,,,,,,,,,,,,,,,,,,,,,,,,,,,,,,,,,,,,,,,,,,,,
69,"Wilder Graves Penfield(1891-01-26)January 26, 1891Spokane, Washington, United States","April 5, 1976(1976-04-05) (aged 85)Montreal, Quebec, Canada",,"
Princeton University
Merton College, Oxford
Johns Hopkins School of Medicine
",Prompting memory recall during surgery via temporal lobe stimulationTreatment of epilepsy by surgeryMontreal procedurePenfield dissector,Neurosurgery,Wilder Penfield,,,,,,,,,,,,,,,,,,,"
FRS (1943)[1]
Flavelle Medal (1951)
","
Montreal Neurological Institute
McGill University
",,,,,,,,,,,,,,,,,,,,,,,,,,,,,,,,,,,,,,,
70," (1937-03-15) March 15, 1937 (age 83)Hoquiam, Washington, United States",,,,"default mode, functional neuroimaging",Neuroimaging,Marcus Raichle,,,,,,,,,,,,,,,,,,,Grawemeyer Award in Psychology (2001)Kavli Prize in Neuroscience (2014),Washington University in St. Louis,,,,,,,,,,,,,,,,,,,,,,,,,,,,,,,,,,,,,,,
71,"(1852-05-01)1 May 1852Petilla de Aragón, Navarre, Spain","17 October 1934(1934-10-17) (aged 82)Madrid, Spain",,,The father of modern neuroscience,,Santiago Ramón y Cajal,,,,,,,,,,,,,,,,,,,Nobel Prize in Physiology or Medicine (1906),,,,,,,,,,,,,,,,,,,,,,,,,,,,,,,,,,,,,,,,
72,"(1913-04-03)3 April 1913Wangaratta, Victoria",27 May 2009(2009-05-27) (aged 96),Australian,,,,William Refshauge,,Public servant,,,,,,,,,,,,,,,Helen Allwright(m. 1942–2002; her death),"Bill, Richard, Andrew, Michael and Kathryn",,,Australia,,,Major General,Second World War,,,,,,,,,,,,,,,,,,,,,,,,,,,Francis and Margaret Craig,Companion of the Order of AustraliaKnight Bachelor,Australian Army,Commander of the Order of the British EmpireEfficiency DecorationMentioned in Despatches (4),,,,
73,"854 CE[1]Ray, Abbasid Caliphate (Iran)[2]","932 (aged 77–78) or 925 (aged 70–71)[2]Ray, Samanid Empire (Iran)",,,,,Muhammad ibn Zakariya al-Razi,,,,,,,,,Islamic Golden Age,Islamic philosophy,,"Medicine, philosophy, alchemy,","The first to produce acids such as sulfuric acid, writing up limited or extensive notes on diseases such as smallpox and chickenpox, a pioneer in ophthalmology, author of the first book on pediatrics, making leading contributions in inorganic and organic chemistry, also the author of several philosophical works.",,,,,,,,,,,,,,,,,,,,,,,,,,,,,,,,,,,,,,,,,,,,,,
74,"Giovanni RosaiAugust 1940Poppi, Italy",,"Italian, American","University of Buenos Aires, Argentina & Washington University in St. Louis, Missouri",Research in Surgical pathology,Medicine & Pathology,Juan Rosai,,,,,,,,,,,,,,Eduardo Lascano and Lauren Ackerman,,,,,,,,,,,,,,,,,,,,,,,,,,,,,,,,,,,,,,,,,,,,,
75,"Jonas Salk(1914-10-28)October 28, 1914New York City, U.S.","June 23, 1995(1995-06-23) (aged 80)La Jolla, California, U.S.",American,City College of New York (BS)New York University (University of Michigan,First polio vaccine,"Medical research,virology, and epidemiology",Jonas Salk,,,,,,,,,,,,,,,,,Donna Lindsay(m. 1939; div. 1968)Françoise Gilot (m. 1970),,Lasker Award (1956),University of PittsburghSalk InstituteUniversity of Michigan,,,,,,,,,"El Camino Memorial ParkSan Diego, California",,Thomas Francis Jr.,,,,,,,,,,,,,,,,,,,,,,,,,,,,
76," (1951-06-01) 1 June 1951 (age 69)Couva, Trinidad and Tobago",,,,,,Lall Sawh,,,1970s-present,Surgeon,,Urology,,,,,,,,,,,,,Who's Who in the World of Science and Technology   100 Greatest Living Surgeons  Chaconia Medal - Gold,"Port-of-Spain General Hospital Southern Medical Clinic, San Fernando  Westshore Medical Clinic, West Moorings",,,,,,"West Indies School of Medicine, Jamaica  Royal College of Surgeons Edinburgh,   Mayo Clinic, Minnesota, USA",Wife: Sylvia S. Sawh (nee Ragobar) -  Teacher   Son: Dr. Sean L. Sawh - Urologic Surgeon (Harvard Medical School)   Son: Dr. Shane S. Sawh - Dental Surgeon (UWI-Trinidad)  / University of London,Kidney transplantation  Urological disease,,,,,,,,,,,,,,,,,,,,,,,,,,,,,,,
77,"Semmelweis Ignác Fülöp(1818-07-01)July 1, 1818Buda, Kingdom of Hungary (now part of Budapest, Hungary)","August 13, 1865(1865-08-13) (aged 47)Oberdöbling, Austrian Empire (today part of Vienna, Austria)",,University of ViennaUniversity of Budapest,"Introducing hand disinfection standards, in obstetrical clinics, from 1847","Obstetrics, surgeries",Ignaz Semmelweis,Kingdom of Hungary,,,,,,,,,,,,,,,,Mária Weidenhofer (1837–1910) (married in 1857)[1],5,,,,,,,,,,,,,,,,,,,,,,,,,,,,,,,,,,,,,,,,,
78," (1948-08-30) 30 August 1948 (age 71)Pensa Oblast, RSFSR, Soviet Union",,"Soviet, Russian",Kharkiv National Medical University,Skumin syndrome,"Psychiatry, psychotherapy, psychology, philosophy",Victor Skumin,,,,,,,,,,,,,,,,,,,,"Kiev Institute of Cardiovascular Surgery (ru), Kharkiv Medical Academy of Post-graduate Education, Kharkiv State Academy of Culture, The World Organisation of Culture of Health (Moscow)",,,,,,,,,,biblmdkz.ru/skumin.html,,,,,,,,,,,,,,,,,,,,,,,,,,,,,
79,"(1813-03-15)15 March 1813York, United Kingdom","16 June 1858(1858-06-16) (aged 45)London, United Kingdom",English,University of London,AnaesthesiaLocating source of a cholera outbreak (thus establishing the disease as water-borne),AnaesthesiaEpidemiology,John Snow,British,,,,,,,,,,,,,,,,,,,,,,,,,,,,,,,,,,,,,,,,,,,,,,,,,,,,,,,,,,
80,"Thomas Earl Starzl(1926-03-11)March 11, 1926Le Mars, Iowa","March 4, 2017(2017-03-04) (aged 90)Pittsburgh, Pennsylvania",American,"BA, Westminster College, 1947 MD, Northwestern University, 1952 PhD, Northwestern University, 1952",Performed the first human liver transplant in 1963Developed the clinical applications of cyclosporinContributed to the field of immunosuppression,"Transplantation surgery,Immunology",Thomas Starzl,,,,,,,,,,,,,,,,,,,,University of Pittsburgh,,,,,,,,,,,,,,,,,,,,,,,,,,,,,,,,,,,,,,,
81,"(1828-08-06)August 6, 1828Lee County, Virginia, United States","December 12, 1917(1917-12-12) (aged 89)Kirksville, Missouri, United States",American,,,MedicineOsteopathyOsteopathic Medicine,Andrew Taylor Still,United States,,,,,,,,,,,,,,,,,,,Baker UniversityA.T. Still University,,,,,,,,,,,,,,,,,,,,,,,,,,,,,,,,,,,,,,,
82,"Bihar, India",,,,Author of Sushruta Samhita,MedicinePlastic surgeryDentistryObstetrics and gynaecology,Sushruta,,,,,,,,,,,,,,,,,,,,,,,,,,,,,,,,,,,,,,,,,,,,,,,,,,,,,,,,,,,
83,"(1624-09-10)10 September 1624Wynford Eagle, Dorset","29 December 1689(1689-12-29) (aged 65)Pall Mall, London",English,"All Souls College, Oxford (MB, 1648)Pembroke College, Cambridge (MD, 1676)",Clinical medicine,Medicine,Thomas Sydenham,,,,,,,,,,,,,,,,John Locke,,,,,,,,,,,,,,,,,,,,,,,,,,,,,,,,,,,,,,,,,,,
84,"(1920-08-01)1 August 1920Camberley, Surrey, United Kingdom","11 August 2010(2010-08-11) (aged 90)Wellington, Somerset, United Kingdom",British,St Mary's Hospital Medical SchoolUniversity of Pennsylvania,Tanner scale and later experiments in using human growth hormone in children.,Paediatric Endocrinology,James Mourilyan Tanner,,,,,,,,,,,,,,Wilfrid Le Gros Clark,,,,,,St Thomas' HospitalUCL Great Ormond Street Institute of Child Health,,,,,,,,,,,,,,,,,,,,,,,,,,,,,,,,,,,,,,,
85,"(1898-05-24)May 24, 1898Cambridge, Massachusetts","20 May 1986(1986-05-20) (aged 87)Kennett Square, Pennsylvania",United States,Johns Hopkins School of Medicine,"Founding figure of paediatric cardiology 
Blalock-Thomas-Taussig shunt 

Role in banning of thalidomide",Cardiology,Helen B. Taussig,,,,,,,,,,,,,,,,,,,E. Mead Johnson Award (1947)Lasker-DeBakey Clinical Medical Research Award (1954)Presidential Medal of Freedom(1964)Elizabeth Blackwell Award (1970)John Howland Award (1971),,,,,,,,,,,,,,,,,,,,,,,,,,,,,,,,,,,,,,,,
86,"(1956-10-19)19 October 1956Castelplanio, Italy","29 March 2003(2003-03-29) (aged 46)Bangkok, Thailand",,,Identifying SARS,,Carlo Urbani,,,,Physician,,,,,,,,,,,,,,,,Médecins Sans FrontièresWorld Health Organization,,,,,,University of Ancona,,"Infectious diseases, parasitic diseases",,,,,SARS,,,,,,,,,,,,,,,,,,,,,,,,,,
87,"31 December 1514Brussels, Habsburg Netherlands(modern-day Belgium)","15 October 1564(1564-10-15) (aged 49)Zakynthos, Venetian Ionian Islands(modern-day Greece)",,University of PaviaUniversity of Padua,De humani corporis fabrica (On the Fabric of the Human Body),Anatomy,Andreas Vesalius,,,,,,,,,,,,,,Galen  Jacques Dubois Jean Fernel,,Gabriele Falloppio,,,,,,,,,,,,,,,Johannes Winter von Andernach  Gemma Frisius,,,,,,,,,,,,,,,,,,,Matteo Realdo Colombo,,,,,,"Paraphrasis in nonum librum Rhazae medici Arabis clarissimi ad regem Almansorem, de affectuum singularum corporis partium curatione (1537)",,,
88,"(1821-10-13)13 October 1821Schivelbein, Pomerania, Kingdom of Prussia, German Confederation","5 September 1902(1902-09-05) (aged 80)Berlin, Kingdom of Prussia, German Empire",Prussian,University of Berlin,Cell theoryCellular pathologyBiogenesisVirchow's triad,MedicineAnthropology,Rudolf Virchow,,,,,,,,,,,,,,,,Eduard HitzigCharles Scott SherringtonPaul Farmer,Ferdinande Rosalie Mayer (a.k.a. Rose Virchow),,Copley Medal (1892),CharitéUniversity of Würzburg,,,,,,,,,"Alter St.-Matthäus-Kirchhof, Schöneberg52°17′N 13°13′E﻿ / ﻿52.28°N 13.22°E﻿ / 52.28; 13.22",,Johannes Peter Müller,Ernst HaeckelEdwin KlebsFranz BoasAdolph KussmaulFriedrich Daniel von RecklinghausenMax WestenhöferWilliam OslerWilliam H. Welch,,,,,,,,,,,,,,Robert Froriep,,,,,,,,,,de rheumate praesertim corneae (1843),,,
89,"Mainz, Germany, c. 1805","Shepherd’s Bush, London, August 1892 (age 87)","German, naturalised British",,Warburg's Tincture,Medicine,Carl Warburg,,,,,,,,,,,,,,,,,,,,,,,,,,,,,,,,,,,,,,,,,,,,,,,,,,,,,,,,,,,
90,"(1883-10-08)8 October 1883Freiburg, Baden, German Empire is","1 August 1970(1970-08-01) (aged 86)Berlin, West Germany",German,University of BerlinUniversity of Heidelberg,Pathogenesis of cancerWarburg effect (oncology)Warburg effect (plant physiology),Cell biology,Otto Heinrich Warburg,,,,,,,,,,,,,,,,,,,Iron Cross 1st class (1918)Nobel Prize in Physiology or Medicine (1931)[1]Pour le Mérite (Civil Class) (1952)Foreign Member of the Royal Society[2],Kaiser Wilhelm Institute for Biology,,,,,,,,,,,Emil FischerLudolf von Krehl,,,,,,,,,,,,,,,,,,,,,,,,,,,,
91,(1929-05-28)28 May 1929,23 September 2011(2011-09-23) (aged 82),Australian,,,Medicine,Carl Wood,,,,,,,,,,,,,,,,,,,,Monash University,,,,,,,,,,,,,,,,,,,,,,,,,,,,,,,,,,,,,,,
92,"13 May 1588Aarhus, Denmark ","31 August 1654(1654-08-31) (aged 66)Copenhagen, Denmark ",Danish,,,,Ole Worm,,"physician, natural historian and antiquary",,,,,,Olaus Wormius,,,,,,,,,Dorothea Fincke,,,,,,,,,,,,,,,,,,,,,,,,,,,,,,,,,,,,,,,,,,
93,"November 1935Bilbeis, Kingdom of Egypt",,Egyptian/British,,"
Heart and heart–lung transplants
Establishing the heart transplantation centre at Harefield Hospital
Arterial switch operation in transposition of the great arteries
Ross-Yacoub procedure
",,Magdi Yacoub,,,,Surgeon,,Cardiothoracic surgery;heart transplantation,,,,,,,,,,,,, Order of Merit Knight Bachelor   Order of the Nile,University of ChicagoHarefield Hospital of Imperial College London,,,,,,Cairo University,,,,,,,,,,,,,,,,,,,,,,,,,,,,,,,,,
94,"(1937-11-26)26 November 1937Moscow, Soviet Union","12 September 1994(1994-09-12) (aged 56)Moscow, Russia",Soviet,,,,Boris Yegorov,,Doctor,,,,,,,,,,,,,,,,,,,,,,,,,,,,,,,,,,,,,,,,,,,,,,,,,,,,,,,1d 00h 17m,Civilian Specialist Group 1,Voskhod 1
95,"1860 (1860)Yanshan County, Hebei, China","1933 (aged 72–73)Tianjin, China",Chinese,,,,Zhang Xichun,,Physician and writer,,,,,,,,,,,,,,,,,,,,,,,,,,,,,,,,,,,,,,,,,,,,,,,,,,,,,,,,,
