,Born,Known for,Awards,Website,name,Died,Resting place,Nationality,Occupation,Education,Alma mater,Children,Years active,Spouse(s),Birth name,Medium,Years active,Spouse,Title,Term,Board member of,Other names,Predecessor,Partner(s),Genres,Subject(s),Notable works and roles,Height,Cause of death,Notable work,Parent(s),Fields,Institutions,Doctoral advisor,Doctoral students,Agent,Home town,Relatives,Genre,Literary movement,Notable works,Notable awards,Signature,Pen name,Political party,Employer,Organization,Prime Minister,Preceded by,Succeeded by,Alma mater,Chinese,Hanyu Pinyin,Television,Residence,Also known as,Occupation(s),Instruments,Associated acts
0," (1960-03-19) March 19, 1960 (age 60)Oulu, Finland",Magician,Magician of the Year  1997                  ,simoaalto.com,Simo Aalto,,,,,,,,,,,,,,,,,,,,,,,,,,,,,,,,,,,,,,,,,,,,,,,,,,,,,,
1,"David Phelps AbbottSeptember 22, 1863Falls City, Nebraska","magician, author and inventor",,,David Abbott (magician),"June 12, 1934 (1934-06-13) (aged 70)","Westlawn-Hillcrest Memorial, 5701 Center Street, Omaha, Nebraska",,,,,,,,,,,,,,,,,,,,,,,,,,,,,,,,,,,,,,,,,,,,,,,,,,,,
2," (1970-02-27) February 27, 1970 (age 50)Montreal, Quebec, Canada",,,,David Acer,,,Canadian,"Comedian, close-up magician, author",,,,,,,,,,,,,,,,,,,,,,,,,,,,,,,,,,,,,,,,,,,,,,,,,,
3,"1950 (age 69–70)Barisal, East Bengal, Dominion of Pakistan",,Ekushey Padak,,Jewel Aich,,,Bangladeshi,Magician and bansuri player,BA (honors),Jagannath University,,,,,,,,,,,,,,,,,,,,,,,,,,,,,,,,,,,,,,,,,,,,,,,,
4,"Claude Alexander Conlin(1880-06-30)June 30, 1880Alexandria, South Dakota",,,,Alexander (magician),"August 5, 1954(1954-08-05) (aged 74)Seattle, Washington",,,"performer of stage magic, mentalism, and psychic reading; writer on magical illusions, New Thought, Spiritualism, and occultism.",,,"Claude Alexander Conlin, Jr. (born 5 October 1916)",,,,,,,,,,,,,,,,,,,,,,,,,,,,,,,,,,,,,,,,,,,,,,,
5,"Jay Scott Greenspan (1959-09-23) September 23, 1959 (age 60)Newark, New Jersey, U.S.",,,,Jason Alexander,,,,"Actor, comedian, singer, director",,,2,1981–present,Daena Title (m. 1982),,,,,,,,,,,,,,,,,,,,,,,,,,,,,,,,,,,,,,,,,,,,,
6," (1968-04-10) April 10, 1968 (age 52)United States",,,,Jay Alexander,,,,"Magician, comedian",,,,,,,,,,,,,,,,,,,,,,,,,,,,,,,,,,,,,,,,,,,,,,,,,,
7," (1958-09-09) September 9, 1958 (age 61)Detroit, Michigan, U.S.",,,www.theamazingjohnathan.com,The Amazing Johnathan,,,,,,,,,,John Edward Szeles,"Magician, stand-up, actor","1983-2014, 2017-present","
Sandra Bowing(m. 1995; div. 2000)
Anastasia Synn (m. 2014)[1]
",,,,,,,,,,,,,,,,,,,,,,,,,,,,,,,,,,,,,,,,,
8," (1956-06-25) June 25, 1956 (age 63)Logan, West Virginia",Magic and Magic Training,,"http://www.ammarmagic.com/, http://www.michaelammar.com, http://worldsgreatestmagic.com",Michael Ammar,,,,Magician,,,,,,,,,,,,,,,,,,,,,,,,,,,,,,,,,,,,,,,,,,,,,,,,,,
9," (1976-08-22) August 22, 1976 (age 43)",Parlor magic,,www.ivanamodei.com,Ivan Amodei,,,,magician,,,2,,,,,,,,,,,,,,,,,,,,,,,,,,,,,,,,,,,,,,,,,,,,,,,
10,"Harry Laverne Anderson(1952-10-14)October 14, 1952Newport, Rhode Island, U.S.",,,,Harry Anderson,"April 16, 2018(2018-04-16) (aged 65)Asheville, North Carolina, U.S.",,,"Actor, comedian, magician",,,2,1978–2014,Leslie Pollack(m. 1977; div. 1999)[1]Elizabeth Morgan (m. 2000),,,,,,,,,,,,,,,,,,,,,,,,,,,,,,,,,,,,,,,,,,,,,
11,"(1918-01-28)January 28, 1918Sheridan, Wyoming, United States",Creator of world-renowned magic tricks and optical illusions,,jerryandrus.org/,Jerry Andrus,"August 26, 2007(2007-08-26) (aged 89)Albany, Oregon, United States",,,"Magician, writer, inventor, scientific skeptic",,,,,,,,,,,,,,,,,,,,,,,,,,,,,,,,,,,,,,,,,,,,,,,,,,
12,"Christopher Nicholas Sarantakos (1967-12-19) December 19, 1967 (age 52)Hempstead, New York, U.S.",,,CrissAngel.com,Criss Angel,,,,"Magician, entertainer, TV personality",,,,1994–present (as a professional magician)[1],JoAnn Winkhart (2002–2005; divorced),,,,,,,,,,,,,,,,,,,,,,,,,,,,,,,,,,,,,,,,,,,,,
13,"February 22, 1907",,,,Theodore Annemann,"January 12, 1942 (1942-01-13) (aged 34)",,,Magician,,,,,,,,,,,,,,,,,,,,,,,,,,,,,,,,,,,,,,,,,,,,,,,,,,
14,,,,,John Archer (magician),,,British,,,,3,,,,"Comedian, magician",,Julie,,,,,,,,,,,,,,,,,,,,,,,,,,,,,,,,,,,,,,,,,
15,"Al Baker(1874-09-04)4 September 1874Poughkeepsie, New York, US","sleight of hand, mentalism, and stage magic",,,Al Baker (magician),24 October 1951(1951-10-24) (aged 77),,American,"Magician, magic Shop owner, performer, inventor",,,,,,,,,,Dean of the Society of American Magicians,1941–1951,,,,,,,,,,,,,,,,,,,,,,,,,,,,,,,,,,,,,,,
16,"Samuel Spencer Baldwin(1848-01-21)January 21, 1848Cincinnati, Ohio",,,,Samri Baldwin,"March 13, 1924 (1924-03-14) (aged 76)San Francisco, California",San Francisco National Cemetery,,Magician,,,,,,,,,,,,,,,,,,,,,,,,,,,,,,,,,,,,,,,,,,,,,,,,,,
17,"Meyer Kessler(1917-09-27)September 27, 1917Chicago, Illinois, U.S.",,,,Carl Ballantine,"November 3, 2009(2009-11-03) (aged 92)Hollywood Hills, California, U.S.",,,"Actor, magician and comedian",,,,1936–2009,Ceil Cabot (1955–2000; her death); 2 daughters,,,,,,,,,,,,,,,,,,,,,,,,,,,,,,,,,,,,,,,,,,,,,
18,"David Tobias Bamberg(1904-02-19)19 February 1904Derby, England, UK",,,,David Bamberg,"19 August 1974(1974-08-19) (aged 70)Buenos Aires, Argentina",,,"Magician, illusionist, shadowist, writer, performer",,,,,,,,,,,,,,,,,,,,,,,,,,,,,,,,,,,,,,,,,,,,,,,,,,
19,"Steven Shaw (1960-11-30) November 30, 1960 (age 59)Middlesex, England",,,www.banachek.com,Banachek,,,American,"Mentalist, magician, writer, skeptic",,,,,,,,,,,,,,,,,,,,,,,,,,,,,,,,,,,,,,,,,,,,,,,,,,
20,,MagicComedySketch comedy,,barryandstuart.com,Barry and Stuart,,,,,,,,,,,,,,,,,,,,,,,,,,,,,,,,,,,,,,,,,,,,,,,,,,,,,,
21,"Keith Patrick Barry (1976-10-02) 2 October 1976 (age 43)Waterford, Ireland",,,www.keithbarry.com,Keith Barry,,,,"Illusionist, mentalist",,,,2003–present,,,,,,,,,,,,,,,,,,,,,,,,,,,,,,,,,,,,,,,,,,,,,,
22,"(1878-04-13)13 April 1878Nagybecskerek, Austria-Hungary",,,,János Bartl,"27 September 1958(1958-09-27) (aged 80)Hamburg, Germany",,,Magician,,,,,,,,,,,,,,,,,,,,,,,,,,,,,,,,,,,,,,,,,,,,,,,,,,
23," (1971-08-24) August 24, 1971 (age 48)Tel Aviv, Israel","Mentalist, illusionist, lecturer, TV personality",,www.masterofthemind.com,Guy Bavli,,,,CEO: Master of the Mind,,,,1979–present,,,,,,,,,,,,,,,,,,,,,,,,,,,,,,,,,,,,,,,,,,,,,,
24,"Hollywood, Florida",,,,Herbert L. Becker,,,,"magician, escapologist, stunt performer, author, businessman",,,,,,,,,,,,,,,,,,,,,,,,,,,,,,,,,,,,,,,,,,,,,,,,,,
25," (1961-03-05) March 5, 1961 (age 59)Toronto, Ontario, Canada","Sleight-of-hand, magic history, magic collection, sole protégé of Ross Bertram",,David Ben,David Ben,,,Canadian,"Magician, Keynote Speaker, writer, Magic Historian, Artistic Director","BA University of Toronto, LLB University of Western Ontario, LLM London School of Economics",,2,,L. Jan Howlett 1988–2013 (her death),,,,,,,,,,,,,,,,,,,,,,,,,,,,,,,,,,,,,,,,,,,,,
26, (1926-07-30) 30 July 1926 (age 93),,,,David Berglas,,,,psychological magician and mentalist.,,,,,,,,,,,,,,,,,,,,,,,,,,,,,,,,,,,,,,,,,,,,,,,,,,
27,26 April 1853,,,,Charles Bertram (magician),28 February 1907 (1907-03-01) (aged 53),,,Magician,,,,,,,,,,,,,,,,,,,,,,,,,,,,,,,,,,,,,,,,,,,,,,,,,,
28,"March 27, 1952",,,www.blackstonemagic.com,Gay Blackstone,,,,"Magician, Producer, Director, Creator, Consultant",,,"Bellamie, Tracey, Adrienne, Cynthia and the late Harry Blackstone III",,"Harry Blackstone Jr. (died May 14, 1997) Married 23 years.",,,,,,,"Arts and Letters - CSUSB, Ronald McDonald House",,,,,,,,,,,,,,,,,,,,,,,,,,,,,,,,,,,,,,
29,"Henry Boughton(1885-09-27)September 27, 1885Chicago, Illinois, U.S.",,,,Harry Blackstone Sr.,"November 16, 1965(1965-11-16) (aged 80)Hollywood, California, U.S.",,,Magician,,,Harry Blackstone Jr.,,,,,,,,,,Harry BoutonHarry Bouton Blackstone,,,,,,,,,,,,,,,,,,,,,,,,,,,,,,,,,,,,,
30,"Harry Bouton Blackstone Jr.(1934-06-30)June 30, 1934Three Rivers, Michigan, U.S.",,,,Harry Blackstone Jr.,"May 14, 1997(1997-05-14) (aged 62)Loma Linda, California, U.S.",,,"Magician, author, performer",,,4[1],,Gay Blackstone,,,,,,,,,Harry Blackstone Sr.,,,,,,,,,,,,,,,,,,,,,,,,,,,,,,,,,,,,
31,"David Blaine White (1973-04-04) April 4, 1973 (age 47)Brooklyn, New York City, U.S.",,,Official website ,David Blaine,,,,"
Magician
illusionist
endurance artist
",,,1,1997–present,,,,,,,,,,,Alizée Guinochet (2008–2014),,,,,,,,,,,,,,,,,,,,,,,,,,,,,,,,,,,
32,William Oliver Wallace(1929-12-08)8 December 1929England,,,,Ali Bongo (magician),"8 March 2009(2009-03-08) (aged 79)[1]London, England",,,Magician,,,,,,,,,,,,,,,,,,,,,,,,,,,,,,,,,,,,,,,,,,,,,,,,,,
33,,,,http://www.magician-newyorkcity.com/,John Born,,,,,,,,,,,,,,,,,,,,,,,,,,,,,,,,,,,,,,,,,,,,,,,,,,,,,,
34,New York City,,"Society of American Magicians Presidential Citation, United States Postal Service award for work on Houdini Stamp, 2002",http://www.MysteryEntertainer.com,Dick Brooks (magician),,,,"magician, entertainer, writer",,,,,,,,,,,,,Ray CarterDick BrookzJohn BravoBravo The GreatBravo The Grate!,,,,,,,,,,,,,,,,,,,,,,,,,,,,,,,,,,,,,
35," (1971-02-27) 27 February 1971 (age 49)Croydon, London, England, United Kingdom",,,derrenbrown.co.uk,Derren Brown,,,,"Mentalist, illusionist",,,,1992–present,,,,,,,,,,,,,,,,,,,,,,,,,,,,,,,,,,,,,,,,,,,,,,
36," (1975-01-17) January 17, 1975 (age 45)Fountain Valley, California",,,Brian Brushwood: Bizarre Magic,Brian Brushwood,,,American,,,University of Texas at Austin,3,,,Brian Allen Brushwood,"Live, Television, IPTV, MP3",,Bonnie Brushwood[1],,,,,,,Magic (illusion) YouTube,Confidence tricks; Fire eating,Scam SchoolWeird ThingsNight AttackCordkillersHacking The System with Jason MurphyModern Rogue with Jason Murphy,,,,,,,,,,,,,,,,,,,,,,,,,,,,,,,,
37,"(1674-06-02)June 2, 1674Ansbach, Principality of Ansbach, Holy Roman Empire",,,,Matthias Buchinger,"January 17, 1740(1740-01-17) (aged 65)Cork, Kingdom of Ireland",,German,"Artist, magician, calligrapher",,,,,,,,,,,,,,,,,,,,,,,,,,,,,,,,,,,,,,,,,,,,,,,,,,
38,"June 1, 1939Chicago, Illinois",,,,Eugene Burger,"August 8, 2017(2017-08-08) (aged 78)Chicago, Illinois",,,,,,,,,,,,,,,,,,,,,,,,,,,,,,,,,,,,,,,,,,,,,,,,,,,,,
39,"William Lance Burton (1960-03-10) March 10, 1960 (age 60)[citation needed]Columbia, Kentucky USA[citation needed]",,,,Lance Burton,,,,Magician,,,,1979–2010,,,,,,,,,,,,,,,5 ft 9 in (1.75 m)[citation needed],,,,,,,,,,,,,,,,,,,,,,,,,,,,,,,
40,(1905-02-17)17 February 1905,,,,Kuda Bux,5 February 1981(1981-02-05) (aged 75),,,Magician,,,,,,,,,,,,,,,,,,,,,,,,,,,,,,,,,,,,,,,,,,,,,,,,,,
41,"(1911-08-05)August 5, 1911New Trenton, Indiana, United States",,,,John Calvert (magician),"September 27, 2013(2013-09-27) (aged 102)Lancaster, California, United States",,,"Magician, actor",,,,,,,,,,,,,,,,,,,,,,,,,,,,,,,,,,,,,,,,,,,,,,,,,,
42,(1927-10-31)31 October 1927Edinburgh,,,,Charles Cameron (magician),7 January 2001(2001-01-07) (aged 73),,Scottish,,,,,,,,,,,,,,"Daemon, Count Dracula (Stage names)",,,,,,,,,,,,,,,,,,,,,,,,,,,,,,,,,,,,,
43,"Canuto Francia(1904-01-28)January 28, 1904Tondo, Manila, Philippine Islands",,,,Canuplin,"September 4, 1979(1979-09-04) (aged 75)Metro Manila, Philippines",,,Filipino stage performer and magician,,,,1915–1950's,,,,,,,,,,,,,,,,,,,,,,,,,,,,,,,,,,,,,,,,,,,,,,
44,"Michael Joseph Carbonaro (1976-04-28) April 28, 1976 (age 44)Oakdale, New York, United States",,,,Michael Carbonaro,,,,"Actor, magician",,,,1999–present,Peter Stickles (m. 2014),,,,,,,,,,,,,,,,,,,,,,,,,,,,,,,,,,,,,,,,,,,,,
45,24 November 1895,,,,Richard Valentine Pitchford,13 November 1973 (1973-11-14) (aged 77),,,Magician,,,,,,,,,,,,,,,,,,,,,,,,,,,,,,,,,,,,,,,,,,,,,,,,,,
46,"Francis Xavier Finneran(1912-09-17)17 September 1912Boston, Massachusetts","sleight of Hand, card magic",,,Francis Carlyle,27 December 1975(1975-12-27) (aged 63),,American,professional magician,,,,,,,,,,,,,,,,,,,,Alcoholism,,,,,,,,,,,,,,,,,,,,,,,,,,,,,,
47," (1958-01-23) January 23, 1958 (age 62)Des Moines, Iowa",,,davidwilliamson.com,John Carney (magician),,,,Magician,,,,1980s-present,,,,,,,,,,,,,,,,,,,,,,,,,,,,,,,,,,,,,,,,,,,,,,
48,"(1874-06-14)June 14, 1874New Castle, Pennsylvania, United States",,,,Charles Joseph Carter,"February 13, 1936(1936-02-13) (aged 61)India",,,Magician,,,,,Corinne,,,,,,,,,,,,,,,,,,,,,,,,,,,,,,,,,,,,,,,,,,,,,
49," (1967-03-11) March 11, 1967 (age 53)[citation needed]New York City, United States",,,www.johncassidy.com,John Cassidy (magician),,,,"balloon artist, magician, comedian",,,,,Jennifer Cassidy,,,,,,,,,,,,,,,,,,,,,,,,,,,,,,,,,,,,,,,,,,,,,
50,"Michael Douglas Caveney (1950-06-17) June 17, 1950 (age 69)Los Angeles County, California, United States",,,Official website,Mike Caveney,,,,"Magician, illusionist, Author",,,,,"Tina Lenert (April 22, 1979–present)",,,,,,,,,,,,,,,,Harry Anderson: Wise Guy,,,,,,,,,,,,,,,,,,,,,,,,,,,,,
51,"Chen Zhi LingHunan, China",,,,Juliana Chen,,,,"Magician, illusionist",,,,,,,,,,,,,,,,,,,,,,,,,,,,,,,,,,,,,,,,,,,,,,,,,,
52," (1976-06-25) June 25, 1976 (age 43)Kaohsiung, Taiwan",,,LuChen Magic,Lu Chen (magician),,,,Magician,,,,,,,,,,,,,,,,,,,1.73 m (5 ft 8 in),,,,,,,,,,,,,,,,,,,,,,,,,,,,,,,
53,,The green mango tree trick,Kerala Sangeetha Nataka Akademi Award (2014),,Shamsudheen Cherpulassery,,,Indian,Magician,,,,,,,,,,,,,,,,,,,,,,,,,,,,,,,,,,,,,,,,,,,,,,,,,,
54,"23 March 1914Baltimore, Maryland, U.S.",,,,Milbourne Christopher,"17 June 1984 (1984-06-18) (aged 70)[1]New York City, New York, U.S.",,,"Magician, historian, and skeptic",,,,,,,,,,,,,,,,,,,,,,,,,,,,,,,,,,,,,,,,,,,,,,,,,,
55,"Rudolph Coby (1964-04-22) April 22, 1964 (age 56)New York City, New York, United States",,,www.rudycoby.com,Rudy Coby,,,American,Comedic magician,,,,1976-present,,,,,,,,,Labman,,,,,,,,,,,,,,,,,,,,,,,,,,,,,,,,,,,,,
56,"Alfred Lee Cohen (1926-01-11) January 11, 1926 (age 94)Wilmington, Delaware","Magic Dealer & Performer,Magic Demonstrator","October 2, 1984, declared""Al Cohen Day""by City of Washington, D.C.",,Al Cohen,,,,,,,,,,,,,,,,,,,,,,,,,,,,,,,,,,,,,,,,,,,,,,,,,,,,,,
57," (1971-02-01) February 1, 1971 (age 49)Yonkers, New York, United States",Parlor magic performances at the Waldorf Astoria hotel,,www.chambermagic.com,Steve Cohen (magician),,,American,"Magician, illusionist, writer, television host",,,,,,,,,,,,,,,,,,,"5'8""",,,,,,,,,,,,,,,,,,,,,,,,,,,,,,,
58,"Modena, Italy(1951-03-19)March 19, 1951",,,,Aldo Colombini,"February 12, 2014(2014-02-12) (aged 62)",,,,,,,,,,,,,,,,,,,,,,,,,,,,,,,,,,,,,,,,,,,,,,,,,,,,,
59,"Alistair CookYorkshire, England",,,,Ali Cook,,,,"Actor, comedian",,,,,,,,,,,,,,,,,,,,,,,,,,,,,,,,,,,,,,,,,,,,,,,,,,
60,"Thomas Frederick Cooper(1921-03-19)19 March 1921Caerphilly, Glamorgan, Wales",,,,Tommy Cooper,"15 April 1984(1984-04-15) (aged 63)Her Majesty's Theatre, Westminster, London, England",,,"Prop comedian, magician",,,Victoria Cooper (b. 1953)Thomas Henty(b.1956 d. 1988),1947–1984,Gwen Henty (m. 1947),,,,,,,,,,,,,,,Heart attack,,,,,,,,,,,,,,,,,,,,,,,,,,,,,,
61,"David Seth Kotkin (1956-09-16) September 16, 1956 (age 63)Metuchen, New Jersey, U.S.",,,www.davidcopperfield.com,David Copperfield (illusionist),,,,Magician,,,3,1974–present,,,,,,,,,,,Claudia Schiffer (1994–1999)  Chloe Gosselin (2006–present)[1],,,,,,,,,,,,,,,,,,,,,,,,,,,,,,,,,,,
62," (1984-01-21) 21 January 1984 (age 36)Bristol, England",,,http://magiccox.com,Chris Cox (magician),,,English,Magician Psychological Illusionist/Mentalist,,,,,,,,,,,,,,,,,,,,,,,,,,,,,,,,,,,,,,,,,,,,,,,,,,
63,"Edward Alexander Crowley(1875-10-12)12 October 1875Royal Leamington Spa, Warwickshire, England",,,,Aleister Crowley,"1 December 1947(1947-12-01) (aged 72)Hastings, East Sussex, England",,,"Occultist, poet, novelist, mountaineer",Malvern College  Tonbridge School  Eastbourne College,"Trinity College, Cambridge",5,,Rose Edith Kelly(m. 1903; div. 1909) Maria Teresa Sanchez (m. 1929),,,,,,,,,,,,,,,,,,,,,,,,,,,,,,,,,,,,,,,,,,,,,
64,,,,,Fred Culpitt,,,,Magician,,,,,,,,,,,,,,,,,,,,,,,,,,,,,,,,,,,,,,,,,,,,,,,,,,
65,"Newton Edward Daniels(1938-04-06)6 April 1938South Bank, Middlesbrough, North Riding of Yorkshire, England",,,pauldaniels.co.uk,Paul Daniels,"17 March 2016(2016-03-17) (aged 77)Wargrave, Berkshire, England",,,"Magician, presenter",,,"Paul Daniels Jr., Martin Daniels, Gary Daniels",,Jacqueline Skipworth(m. 1960; div. 1975)Debbie McGee (m. 1988),,,,,,,,,,,,,,,,,,,,,,,,,,,,,,,,,,,,,,,,,,,,,
66,"(1883 -10-03)October 3, 1883Copenhagen, Denmark",,,,Harry August Jansen,"June 15, 1955(1955-06-15) (aged 71)Northridge, California, United States",,,Magician,,,,,Edna Herr,,,,,,,,,,Howard Thurston,,,,,,,,,,,,,,,,,,,,,,,,,,,,,,,,,,,
67,"Daryl Martinez(1955-08-13)August 13, 1955","Magic tricks, sleight of hand magic, master of prestidigitation",,daryl.net,Daryl (magician),"February 24, 2017(2017-02-24) (aged 61)[1]Los Angeles, California, U.S.",,American,Magician,,,,,Alison Easton,,,,,,,,Daryl,,,,,,,Suicide,,Lila Lloyd and Bellarmine Martinez,,,,,,,,,,,,,,,,,,,,,,,,,,,,
68,22 February 1868,,,,David Devant,13 October 1941 (1941-10-14) (aged 73),,,Magician,,,,,,,,,,,,,,,,,,,,,,,,,,,,,,,,,,,,,,,,,,,,,,,,,,
69," (1945-01-31) January 31, 1945 (age 75)New York City, New York",Freedman–Diaconis rule,,,Persi Diaconis,,,American,,"City College of New York (B.S., 1971)Harvard University (M.A., 1972; Ph.D., 1974)",,,,,,,,,,,,,,,,,,,,,,Mathematics,Harvard UniversityStanford University,Dennis Arnold HejhalFrederick Mosteller[1],"
Sourav Chatterjee
Eduardo Engel
Elizabeth Meckes
Igor Pak
Eric Rains
Jeff Rosenthal
Francis Su
Elizabeth Wilmer
Arif Zaman
",,,,,,,,,,,,,,,,,,,,,,,,
70,"October 31, 1969 (1969-10-31) (age 50)Erie, Pennsylvania",,,Official Website,Dorothy Dietrich,,,,"magician, illusionist, escapologist, stunt performer, actor, historian",,,,,,,,,,,,,,,,,,,,,,,,,,,,,,,,,,,,,,,,,,,,,,,,,,
71,"Alfred Körber(1911-06-18)18 June 1911[1]Altreichenau, Prussia[2]",,,,Dinardi,3 October 1996(1996-10-03) (aged 85)[1],,,Magician,,,,,Anni Körber,,,,,,,,,,,,,,,,,,,,,,,,,,,,,,,,,,,,,,,,,,,,,
72,"(1867-03-16)March 16, 1867Marshalltown, Iowa",,,,Thomas Nelson Downs,"September 11, 1938(1938-09-11) (aged 71)Marshalltown, Iowa",,,,,,,,"
Nellie Stone (?-1895)
Harriett Rocky (1905-1938)
",,,,,,,,,,,,,,,,,,,,,,,,,,,,,,,,,,,,,,,,,,,,,
73,"Simon Alexander (1957-03-01) 1 March 1957 (age 63)Surrey, England",,,houseofmagic.co.uk,Simon Drake,,,,"Magician, illusionist, director, producer, writer",,,,1974–present,,,,,,,,,,,,,,,,,,,,,,,,,,,,,,,,,,,,,,,,,,,,,,
74,"Paul W. Draper (1978-10-31) October 31, 1978 (age 41)Salt Lake City, United States",,,,Paul W Draper,,,,"illusionist, mind reader, mentalist, magician, film maker, actor, anthropologist",,,,,,,,,,,,,,,,,,,,,,,,,,,,,,,,,,,,,,,,,,,,,,,,,,
75,"(1892-04-28)April 28, 1892New York City, New York",,,,Joseph Dunninger,"March 9, 1975(1975-03-09) (aged 82)Cliffside Park, New Jersey",,,"Magician, escapologist, mentalist.",,,,,,,,,,,,,,,,,,,,,,,,,,,,,,,,,,,,,,,,,,,,,,,,,,
76," (1949-07-22) 22 July 1949 (age 70)East Molesey, Surrey, England",,,www.geoffreydurham.com,Geoffrey Durham,,,,"Actor, magician",,,2,1976–2006,Victoria Wood(m. 1980; div. 2002)[1]Helen Morris Brown (m. 2014),,,,,,,,,,,,,,,,,,,,,,,,,,,,,,,,,,,,,,,,,,,,,
77,"Steven Frayne (1982-12-17) 17 December 1982 (age 37)[1]Bradford, West Yorkshire, United Kingdom",,,www.dynamomagician.com,Dynamo (magician),,,,Magician,,,,2002–present,,,,,,,,,,,,,,,,,,,,,,,,,,,,,,,,,,,,,,,,,,,,,,
78," (1947-07-22) July 22, 1947 (age 72)Naugatuck, Connecticut",,,Doc Eason Magic,Doc Eason,,,,"Illusionist, Magician, Entertainer, Lecturer, Public Speaker, Author, Teacher, Consultant",,,,,,,,,,,,,,,,,,,,,,,,,,,,,,,,,,,,,,,,,,,,,,,,,,
79, (1963-05-08) 8 May 1963 (age 57)Melbourne,,,www.timellismagic.com,Tim Ellis,,,,"Magician, illusionist, publisher, producer",,,,,,,,,,,,,,,,,,,,,,,,,,,,,,,,,,,,,,,,,,,,,,,,,,
80,"(1929-03-02)2 March 1929[1]St Andrews, Scotland[citation needed]",,,,Alex Elmsley,8 January 2006(2006-01-08) (aged 76)[2],,,"Magician, Computer Programmer",,,,,,,,,,,,,,,,,,,,,,,,,,,,,,,,,,,,,,,,,,,,,,,,,,
81,"1957 (age 62–63)Karamürsel, Kocaeli, Turkey",,,www.sermeterkin.com,Sermet Erkin,,,,performer of stage magic,,,,,,,,,,,,,,,,,,,,,,,,,,,,,,,,,,,,,,,,,,,,,,,,,,
82,,,,,Henry R. Evans,,,,Magician and psychical researcher,,,,,,,,,,,,,,,,,,,,,,,,,,,,,,,,,,,,,,,,,,,,,,,,,,
83,"June 17, 1970 (1970-06-17) (age 49) St. Charles, Illinois",,,,Terry Evanswood,,,,"magician, illusionist",,,,,,,,,,,,,,,,,,,,,,,,,,,,,,,,,,,,,,,,,,,,,,,,,,
84," (1962-06-07) June 7, 1962 (age 58)Portage la Prairie, Manitoba",,,http://www.magichampion.com/,Shawn Farquhar,,,,Magician,,,,,,,,,,,,,,,,,,,,,,,,,,,,,,,,,,,,,,,,,,,,,,,,,,
85,"Richard Jeffrey Evans (1970-12-01) December 1, 1970 (age 49)Salinas, California, U.S.",,,Rich Ferguson,Rich Ferguson (magician),,,,"Magician, creative consultant, inventor, spokesperson",,,,1997–present,Traci Ferguson (m. 2008),,,,,,,,,,,,,,,,,,,,,,,,,,,,,,,,,,,,,,,,,,,,,
86," (1975-09-23) September 23, 1975 (age 44)Marseille, France",Magician,- World Champion of Magic (2003 FISM Convention in The Hague) - Jean Eugène Robert-Houdin Gold Medal of the FFAP (FFAP Aix-les-Bains Congress 2003) - Medal of the City of Marseille (5 July 2005),www.norbertferre.com,Norbert Ferré,,,French,,,,,,,,,,,,,,,,,,,,,,Specialist in scene sleight of hand,,,,,,,,,,,,,,,,,,,,,,,,,,,,,
87,"John Nicholas Finch(1942-03-02)2 March 1942Caterham, Surrey, England",,,,Jon Finch,"28 December 2012(2012-12-28) (aged 70)Hastings, East Sussex, England",,,Actor,,,1,1970–2005,Catriona MacColl (1982–87),,,,,,,,,,,,,,,,,,,,,,,,,,,,,,,,,,,,,,,,,,,,,
88,"Peter Firman (1980-04-26) 26 April 1980 (age 40)Middlesbrough, England",,,petefirman.co.uk,Pete Firman,,,,"Comedian, illusionist, television presenter",,,,2003–present,,,,,,,,,,,,,,,,,,,,,,,,,,,,,,,,,,,,,,,,,,,,,,
89,"(1944-10-03)October 3, 1944Nordenham, Gau Weser-Ems, Greater German Reich",Stage acts involving big cats,,https://www.siegfriedandroy.com/,Siegfried & Roy,"May 8, 2020(2020-05-08) (aged 75)Las Vegas, Nevada, U.S.",,American[1]German[citation needed],MagiciansEntertainersPerformers,,,,,,Uwe Ludwig Horn,,,,,,,Masters of the ImpossibleSARMOTI,,,,,,,,,,,,,,,,,,,,,,,,,,,,,,,,,,,,,
90,,,,,Dariel Fitzkee,,,,Magician,,,,,,,,,,,,,,,,,,,,,,,,,,,,,,,,,,,,,,,,,,,,,,,,,,
91,"Justin Flom (1986-04-29) April 29, 1986 (age 34)","Card Hit Wonder, Wizard Wars",,http://www.justinflom.com,Justin Flom,,,,,,,,2005-Present,Jocelynn Flom,,,,,,,,JFlo,,,,,,,,,,,,,,CAA,"Eden Prairie, Minnesota","Josh Flom, Janelle Flom",,,,,,,,,,,,,,,,,,,,,
92,"1895Brooklyn, New York","Stage performer, magic store owner",,,Al Flosso,"May 13, 1976 (aged 81)New York City",,American,Magician,,,,,,,,,,,,,"Al Flosso, The Coney Island Fakir",,,,,,,,,,,,,,,,,,,,,,,,,,,,,,,,,,,,,
93,"Isidore Fuchs(1862-05-21)May 21, 1862Bromberg, Germany",,,,Imro Fox,"March 4, 1910(1910-03-04) (aged 47)Utica, New York, USA",,,Magician,,,,,Pauline Abrams (1888-1910),,,,,,,,,,,,,,,,,,,,,,,,,,,,,,,,,,,,,,,,,,,,,
94," (1988-05-10) May 10, 1988 (age 32)Johnston, Rhode Island, U.S.",America's Got Talent Season 9 winner,,matfranco.com,Mat Franco,,,,Magician,,University of Rhode Island,,2003–present,,,,,,,,,,,,,,,,,,,,,,,,,,,,,,,,,,,,,,,,,,,,,,
95,"August 10, 1910 (1910-08-10)St. Albans, Vermont, United States",,,,Winston Freer,"April 21, 1981 (1981-04-22) (aged 70)",,American,Magician,,,,,,,,,,,,,,,,,,,,,,,,,,,,,,,,,,,,,,,,,,,,,,,,,,
96," (1967-05-21) May 21, 1967 (age 53)Hamilton, Ontario, Canada",,,,Greg Frewin,,,,Illusionist,,,,,,,,,,,,,,,,,,,,,,,,,,,,,,,,,,,,,,,,,,,,,,,,,,
97,"Lewis Jack Ganson1913West Ham, Essex, England","Sleight of Hand, card magic, coin magic",,,Lewis Ganson,"1980 (aged 66–67)Hampshire, England",,,Professional magician,,,,,,,,,,,,,,,,,,,,,,,,,,,,,,,,,,,,,,,,,,,,,,,,,,
98,"Frank Garcia(1927-05-08)May 8, 1927Manhattan, New York, US","sleight of hand, card magic, card sharp",,,Frank Garcia (magician),"July 15, 1993(1993-07-15) (aged 66)",,American,"Magician, performer, teacher, author",,,1,,Betty Lou Field-Garcia (Moss),,,,,,,,,,,,,,6 ft 2 in (1.88 m),,,,,,,,,,,,,,,,,,,,,,,,,,,,,,,
99,"(1914-10-21)October 21, 1914Tulsa, Oklahoma, U.S.",,,,Martin Gardner,"May 22, 2010(2010-05-22) (aged 95)Norman, Oklahoma, U.S.",,United States,Author,,University of Chicago,,,,,,,,,,,,,,,,,,,,,,,,,,,,"Recreational mathematics, puzzles, close-up magic, annotated literary works, debunking",Scientific skepticism,"Fads and Fallacies in the Name of Science; ""Mathematical Games"" (Scientific American column); The Annotated Alice;  The Whys of a Philosophical Scrivener;  The Ambidextrous Universe",Leroy P. Steele Prize for Mathematical Exposition (1987)[1]George Pólya Award (1999)[2][3],,,,,,,,,,,,,,,,,
100,"1960Wallingford,United Kingdom","sleight of hand,street magic",,,Gazzo (magician),,,British,Magician,,,,,Kristin,,,,,,,,"Gazzo, Gazzo Macée",,,,,,,,,,,,,,,,,,,,,,,,,,,,,,,,,,,,,
101,"1953 (age 66–67)Pittsburgh, Pennsylvania",,,http://www.gertner.com,Paul Gertner,,,,"Magician, Lecturer",,,,,,,,,,,,,,,,,,,,,,,,,,,,,,,,,,,,,,,,,,,,,,,,,,
102,"Walter Brown GibsonSeptember 12, 1897Germantown, Philadelphia, Pennsylvania, United States",,,,Walter B. Gibson,"December 6, 1985(1985-12-06) (aged 88)Kingston, New York, United States",,American,Author and magician,,,,,,,,,,,,,,,,,,,,,,,,,,,,,,"comic books, comic strips, hypnotism, magic, psychic phenomena, pulp magazines, true crime, yoga",,,,,Maxwell Grant (shared),,,,,,,,,,,,,,,
103,"1983Newent, United Kingdom",Magician and notable publisher / writer of books for magicians.,,http://www.illusionist.co.uk/,Andi Gladwin,,,British,Magician,,,,,,,,,,,,,,,,,,,,,,,,,,,,,,,,,,,,,,,,,,,,,,,,,,
104," (1941-12-25) 25 December 1941 (age 78)Västervik, Sweden[1]",Magic tricks. Mainly card magic.,,,Lennart Green,,,Swedish,Magician,,,,,,,,,,,,,,,,,,,,,"Masterfile, Greenlite",,,,,,,,,,,,,,,,,,,,,,,,,,,,,
105,"Hyman Elias GoldsteinDecember 17, 1873Vilnius, Lithuania",,,,Horace Goldin,"August 21, 1939 (aged 65)London, England",Willesden Jewish Cemetery,,Magician,,,,,,,,,,,,,,,,,,,,,,,,,,,,,,,,,,,,,,,,,,,,,,,,,,
106,1878Liverpool,,,,Will Goldston,24th February 1948Folkestone,,English,Magician,,,,,,,,,,,,,,,,,,,,,,,,,,,,,,,,,,,,,,,,,,,,,,,,,,
107," (1964-04-10) 10 April 1964 (age 56)[1]Nilambur, Kerala, India",,,,Gopinath Muthukad,,,Indian,MagicianIllusionistMotivational speaker,,"N.S.S College, Manjeri",Vismay Muthukad,,Kavitha Muthukad,,,,,,,,,,,,,,,,,Kunjunni NairDevaki Amma,,,,,,,,,,,,,,,,,,,,,,,,,,,,
108,"Franz Harary (1962-07-18) July 18, 1962 (age 57)Ann Arbor, Michigan, U.S.",World's Greatest Magic,,www.franzharary.com,Franz Harary,,,,"Magician, illusionist",,,,,,,,,,,,,,,,,,,,,,,,,,,,,,,,,,,,,,,,,,,,,,,,,,
109,"Ferenc Dezső Weisz(1876-03-04)March 4, 1876Budapest, Austria-Hungary (modern-day Hungary)",,,,Theodore Hardeen,"June 12, 1945(1945-06-12) (aged 69)Doctors HospitalManhattan, New York City",,,Magician,,,,1893-1945,,,,,,,,,,,,,,,,,,,,,,,,,Harry Houdini (brother),,,,,,,,,,,,,,,,,,,,,
110," (1973-06-15) June 15, 1973 (age 47)Albuquerque, New Mexico, U.S.",,,,Neil Patrick Harris,,,,"
Actor
comedian
filmmaker
philanthropist
magician
singer
",La Cueva High School,,2,1988–present,David Burtka (m. 2014),,,,,,,,,,,,,,,,,,,,,,,,,,,,,,,,,,,,,,,,,,,,,
111,Paul Tomas HarrisUnited States,,,,Paul Harris (magician),,,,"Magician, writer",,,,,,,,,,,,,,,,,,,,,,,,,,,,,,,,,,,,,,,,,,,,,,,,,,
112,"Whitney Wesley Hadden (1949-07-19) July 19, 1949 (age 70)Clarksville, Tennessee",,,,Whit Haydn,,,,Magician,,East Carolina University,,,,,,,,,,,,,,,,,,,,,,,,,,,,,,,,,,,,,,,,,,,,,,,,
113,"Douglas James HenningMay 3, 1947Winnipeg, Manitoba, Canada",,,,Doug Henning,"February 7, 2000(2000-02-07) (aged 52)Los Angeles, U.S.",,,"Magician, illusionist, escape artist, politician",,,,,Barbara De Angelis Debby Douillard,,,,,,,,,,,,,,,,,,,,,,,,,,,,,,,,,,,,,,,,,,,,,
114,"(1844-02-10)February 10, 1844Paris, France",,,,Alexander Herrmann,"December 17, 1896(1896-12-17) (aged 52)Ellicottville, New York, U.S.",,,"Magician, illusionist",,,,,,,,,,,,,,,,,,,,,,,,,,,,,,,,,,,,,,,,,,,,,,,,,,
115,"Erik Weisz(1874-03-24)March 24, 1874Budapest, Austria-Hungary (now Hungary)",,,,Harry Houdini,"October 31, 1926(1926-10-31) (aged 52)Detroit, Michigan, U.S.",,,"Illusionist, stunt performer, actor, historian, film producer, pilot, debunker",,,,1891–1926,"Wilhelmina Beatrice ""Bess"" Rahner (m. 1894)[2]",,,,,,,,,,,,,,,Peritonitis[1],,,,,,,,,Theodore Hardeen (brother),,,,,,,,,,,,,,,,,,,,,
116,"Jean Hugard(1871-12-04)4 December 1871Toowoomba, Queensland, Australia","Card magic, sleight of hand",,,Jean Hugard,14 August 1959(1959-08-14) (aged 87),,Australian,Professional magician,,,,,,,,,,,,,,,,,,,,,,,,,,,,,,,,,,,,,,,,,,,,,,,,,,
117,Han Ping Chien1891China,"sleight of Hand, coin magic",,,Han Ping Chien,1930 (aged 38–39),,Chinese,magician,,,,,,,,,,,,,,,,,,,,,,,,,,,,,,,,,,,,,,,,,,,,,,,,,,
118,"1955Wellington, New Zealand",,,timothyhyde.com,Timothy Hyde,,,,,,,,,,,,,,,,,,,,,,,,,,,,,,,,,,,,,,,,,,,,,,,,,,,,,,
119,"(1940-07-24)July 24, 1940Fatih, Istanbul, Turkey",,,,Ertuğrul Işınbark,"May 28, 2014(2014-05-28) (aged 73)Çanakkale, Turkey",,,"performer of stage magic, and ventriloquism",,,Işın (daughter),,Süheyla,,,,,,,,Mandrake,,,,,,,,,,,,,,,,,,,,,,,,,,,,,,,,,,,,,
120,"Kevin James Lowery (1962-04-28) April 28, 1962 (age 58)France",,,http://www.kjmagic.com,Kevin James (magician),,,,Magician,,,,,,,,,,,,,,,,,,,,,,,,,,,,"Jonesville, Michigan",,,,,,,,,,,,,,,,,,,,,,
121,"Emil Javorzynski(1876-04-08)April 8, 1876Pleschen Stadt, Prussia",,,,Emil Jarrow,"March 4, 1959(1959-03-04) (aged 82)Islip, New York",,,"Magician, strongman",,,,,,,,,,,,,,,,,,,,,,,,,,,,,,,,,,,,,,,,,,,,,,,,,,
122," (1981-10-30) October 30, 1981 (age 38)Canton, Ohio",,,http://www.joshuajay.com/,Joshua Jay,,,,"Magician, Lecturer",,,,,,,,,,,,,,,,,,,,,,,,,,,,,,,,,,,,,,,,,,,,,,,,,,
123,"Richard Jay Potash(1946-06-26)June 26, 1946Brooklyn, New York, U.S.","Sleight of hand, card tricks, history of magic",,,Ricky Jay,"November 24, 2018(2018-11-24) (aged 72)Los Angeles, California, U.S.",,,"Magician, actor",,,,,Chrisann Verges (m. 2002),,,,,,,,,,,,,,,,,,,,,,,,,,,,,,,,,,,,,,,,,,,,,
124,"(1933-02-17)February 17, 1933Detroit, Michigan",Coin and card tricks,,Larry Jennings,Larry Jennings,"October 17, 1997(1997-10-17) (aged 64)Los Angeles, California",,American,Magician,,,,,B. J. Jennings (m. 1990),,,,,,,,,,,,,,,,,,,,,,,,,,,,,,,,,,,,,,,,,,,,,
125,"Luke Richard Jermay (1985-03-07) 7 March 1985 (age 35)Basildon, Essex, England, UK",,,,Luke Jermay,,,,"illusionist, mind reader, mentalist, magician, writer, actor, psychological illusionist. hypnotist",,,,,Rachel Leigh Bell (2007–2008),,,,,,,,,,,,,,"5'6""",,,,,,,,,,,,,,,,,,,,,,,,,,,,,,,
126," (1971-06-24) June 24, 1971 (age 48)Los Angeles, CA, U.S.",,,johngeorge.com,John George (magician),,,,Magician,,,,1995–present,Devon Renee Fancher (m. 2004),,,,,,,,,,,,,,,,,,,,,,,,,,,,,,,,,,,,,,,,,,,,,
127,"Penn Fraser Jillette (1955-03-05) March 5, 1955 (age 65)Greenfield, Massachusetts, U.S.",Half of the comedy magic duo known as Penn & Teller,,pennandteller.com,Penn Jillette,,,American,"Magician, actor, author, musician, inventor, television personality",Ringling Bros. and Barnum & Bailey Clown College,,2,1974–present,Emily Zolten Jillette,,,,,,,,,,,,,,6 ft 6 in (1.98 m)[1],,,,,,,,,,,,,,,,,Libertarian,,,,,,,,,,,,,,
128,"Penn Fraser JilletteRaymond Joseph Teller[1] (1955-03-05) March 5, 1955 (age 65) (Penn) (1948-02-14) February 14, 1948 (age 72) (Teller)","Magic, comedy, skepticism",,www.pennandteller.com ,Penn & Teller,,,,"Magicians, entertainers",,,,1975–present,,,,,,,,,,,,,,,,,,,,,,,,,,,,,,,,,,,,,,,,,,,,,,
129,"Glens Falls, NY",,,www.livingillusions.com,Kristen Johnson,,,American,escape artist,,,,,Kevin Ridgeway,,,,,,,,,,,,,,,,,,,,,,,,,,,,,,,,,,,,,,,,,,,,,
130," (1958-09-09) September 9, 1958 (age 61)Detroit, Michigan, U.S.",,,www.theamazingjohnathan.com,The Amazing Johnathan,,,,,,,,,,John Edward Szeles,"Magician, stand-up, actor","1983-2014, 2017-present","
Sandra Bowing(m. 1995; div. 2000)
Anastasia Synn (m. 2014)[1]
",,,,,,,,,,,,,,,,,,,,,,,,,,,,,,,,,,,,,,,,,
131,,MagicComedySketch comedy,,barryandstuart.com,Barry and Stuart,,,,,,,,,,,,,,,,,,,,,,,,,,,,,,,,,,,,,,,,,,,,,,,,,,,,,,
132,"1938England, United Kingdom","sleight of hand, card magic, coin magic",,,Peter Kane (magician),18 March 2004,,British,professional magician,,,,,,,,,,,,,,,,,,,,,,,,,,,,,,,,,,,,,,,,,,,,,,,,,,
133,Abraham Pieter Adrianus Bongers(1926-06-08)8 June 1926Rotterdam,,,,Fred Kaps,23 July 1980(1980-07-23) (aged 54)Utrecht,,Dutch,magician,,,,,,,,,,,,,,,,,,,,,,,,,,,,,,,,,,,,,,,,,,,,,,,,,,
134,"Heinrich Keller(1849-07-11)July 11, 1849Erie, Pennsylvania",,,,Harry Kellar,"March 10, 1922(1922-03-10) (aged 72)Los Angeles, California",Angelus-Rosedale Cemetery,,Illusionist,,,,,,,,,,,,,,,,,,,,,,,,,,,,,,,,,,,,,,,,,,,,,,,,,,
135,"Woodford, London",,,,Paul Kieve,,,,"Illusionist, magic effects creator",,,,,,,,,,,,,,,,,,,,,,,,,,,,,,,,,,,,,,,,,,,,,,,,,,
136," (1959-12-02) December 2, 1959 (age 60)Hopkinsville, Kentucky, U.S.","Magic in a Minute videos, magic kits, and syndicated comic strip",,Mac King Show,Mac King,,,American,"Magician, Illusionist, writer, actor",,,,,Jennifer Sils,,,,,,,,,,,,,,,,,,,,,,,,,,,,,,,,Harrah's Las Vegas,,,,,,,,,,,,,
137,"Johannes Franciscus Catharinus Klok (1969-02-22) 22 February 1969 (age 51)Purmerend, Netherlands",,,,Hans Klok,,,Dutch,"Magician, illusionist, actor",,,,,,,,,,,,,,,,,,,,,,,,,,,,,,,,,,,,,,,,,,,,,,,,,,
138,"Milton Kort1917Michigan, U.S.","sleight of hand, card magic",,,Milton Kort,"August 1, 2003",,American,"pharmacist, micromagician",,,,,Reva Chaflin,,,,,,,,,,,,,,,,,,,,,,,,,,,,,,,,,,,,,,,,,,,,,
139," (1980-07-11) July 11, 1980 (age 39)[1]St. Louis, Missouri, U.S.",,,,Justin Willman,,,,"Magician, comedian, producer, television personality",,Emerson College,1,,Jillian Sipkins (m. 2015)[2],,,,,,,,Justin Kredible,,,,,,,,,,,,,,,,,,,,,,,,,MagicAid,,,,,,,,,,,,
140,"George Joseph Kresge (1935-01-12) January 12, 1935 (age 85)Montclair, New Jersey, U.S.",Mentalism and stage magic,,,Kreskin,,,,Mentalist,"B.A., 1963",Seton Hall University,,,,,,,,,,,"Kreskin, The Amazing Kreskin",,,,,,,,,,,,,,,,,,,,,,,,,,,,,,,,,,,,,
141,"August 20, 1980",,,,David Kwong,,,,"Magician, Puzzler, Producer, Public Speaker",,Harvard University,,2002 - Present,,,,,,,,,,,,,,,,,,,,,,,,,,,,,,,,,,,,,,,,,,,,,,
142," (1963-07-28) 28 July 1963 (age 56)Alvesta, Sweden",,,http://labero.com,Joe Labero,,,,"Magician, illusionist",,,,,,,,,,,,,,,,,,,,,,,,,,,,,,,,,,,,,,,,,,,,,,,,,,
143,"Louis Lancaster McClungOctober 31, 1936",,,www.loulancaster.com,Lou Lancaster,"July 5, 2008 (2008-07-06) (aged 71)",,,Magician,,,,,,,,,,,,,"Chan Lu ""The Charlie Chan Of Magic""",,,,,,,,,,,,,,,,,,,,,,,,,,,,,,,,,,,,,
144,"Jason Latimer (1981-03-07) March 7, 1981 (age 39)Roseburg, Oregon, United States",,,www.jasonlatimer.com,Jason Latimer,,,,"Magician, illusionist, artist, inventor, designer",,,,,,,,,,,,,,,,,,,,,,,,,,,,,,,,,,,,,,,,,,,,,,,,,,
145," (1976-04-22) April 22, 1976 (age 44)Mount Clemens, Michigan, U.S.",,,,Misty Lee,,,,"Magician, voice actress, comedian, activist",,,,,Paul Dini (m. 2005),,,,,,,,,,,,,,,,,,,,,,,,,,,,,,,,,,,,,,,,,,,,,
146,"Tina Lenert (1948-06-06) June 6, 1948 (age 72)Caracas, Venezuela",,,,Tina Lenert,,,,"Magician, mime, harpist",,,,,Mike Caveney (22 April 1979–present),,,,,,,,,,,,,,,,,,,,,,,,,,,,,,,,,,,,,,,,,,,,,
147,"July 9, 1945Atlanta, Georgia",using stage magic to teach reading and learning skills,,,Minnette Gersh Lenier,"February 7, 2011 (2011-02-08) (aged 65)Woodland Hills, Los Angeles, California",,US,"Teacher, Magician",,,,,Jules Lenier (1976-1980),,,,,,,,,,,,,,,,,,,,,,,,,,,,,,,,,,,,,,,,,,,,,
148,"Alphonse Louis Constant(1810-02-08)8 February 1810Paris, First French Empire",,,,Éliphas Lévi,"31 May 1875(1875-05-31) (aged 65)Paris, Third French Republic",,,,,,,,,,,,,,,,,,,,,,,,,,,,,,,,,,,,,,,,,,,,,,,,,,,,,
149," (1971-04-20) April 20, 1971 (age 49)Orange, New York, U.S.",,,http://www.jonathanlevit.com/,Jonathan Levit,,,,"Magician, Actor, Theatrical producer",,,,,,,,,,,,,,,,,,,,,,,,,,,,,,,,,,,,,,,,,,,,,,,,,,
150,"Liang-Shun Lim (1991-09-25) September 25, 1991 (age 28)Vancouver, British Columbia, Canada","
Penn & Teller: Fool Us
America's Got Talent season 13 winner
America's Got Talent: The Champions winner
2015 ""FISM"" winner
",,,Shin Lim,,,AmericanCanadian,Close-up magician,,,,2009–present,Casey Thomas (m. 2019),,,,,,,,,,,,,,,,,,,,,,,"Acton, Massachusetts, U.S.",,,,,,,,,,,,,,,,,,,,,,
151," (1926-05-04) May 4, 1926 (age 94)New York",Memory training magic,,,Harry Lorayne,,,,Magician,,,,,,,,,,,,,,,,,,,,,,,,,,,,,,,,,,,,,,,,,,,,,,,,,,
152,,,,www.curtislovell.com,Curtis Lovell II,,,,"magician, escapologist, stunt performer, illusionist",,,,,,,,,,,,,,,,,,,,,,,,,,,,,,,,,,,,,,,,,,,,,,,,,,
153,"1957Manchester, England",,,,Simon Lovell,,,,Magician,,,,,,,,,,,,,,,,,,,,,,,,,,,,,,,,,,,,,,,,,,,,,,,,,,
154,,,,,John Lovick,,,,Magician,"Montana State University, Bozeman (BA)University of Washington, Seattle (MFA)",,,,,,,,,,,,Handsome Jack,,,,,,,,,,,,,,,"Libby, Montana",,,,,,,,,,,,,,,,,,,,,,
155,"Thomas Webb (1991-12-11) 11 December 1991 (age 28)Ashford, Kent, UK",,,http://webb.site,Thomas Webb (artist),,,,"Artist, creative hacker",,,,,,,,,,,,,,,,,,,,,,,,,,,,,,,,,,,,,,,,,,,,,,,,,,
156,"Kantilal Girdharilal Vora(1924-04-10)April 10, 1924[citation needed]Bagasara (now in Amreli district, Gujarat, India)",,,www.klal.com,K Lal,"23 September 2012(2012-09-23) (aged 88)Ahmedabad, Gujarat",,,Magician,,,Harshad Vora (K Lal Jr.)Priti VasaSonal Shah,,Pushpa Vora,,,,,,,,Lalsaab,,,,,,,,,,,,,,,,,,,,,,,,,,,,,,,,,,,,,
157," (1937-02-14) 14 February 1937 (age 83)London, United Kingdom",,,,"John MacGregor, Baron MacGregor of Pulham Market",,,,,,,,,,,,,,,,,,,,,,,,,,,,,,,,,,,,,,,,Conservative,,,Margaret Thatcher,John Hill,Richard Bacon,University of St AndrewsKing's College London,,,,,,,,
158,"(born circa 1980)[1]Peterhead, Scotland",,,stuartmac.com,Stuart MacLeod (artist),,,,"Producer, writer, magician, comedian",,University of Aberdeen,,2003–present,Jenni Melear (m. 2014)[2],,,,,,,,,,,,,,,,,,,,,,,,,,,,,,,,,,,,,,,,,,,,,
159,"Cai Ning (1982-10-16) October 16, 1982 (age 37)Singapore",South East Asia's first professional female magician,,ningthing.com,Ning Cai (writer),,,Singaporean,"Writer, Entrepreneur, Magician, Model",MSc in Creative Writing,Ngee Ann Polytechnic  RMIT University  University of Edinburgh,,2006–present,(m. 2014),,,,,,,,Magic Babe Ning  Mind Magic Mistress,,,,,,,,Adventures of 2 Girls (2012) – With Pamela HoWho Is Magic Babe Ning? (2015)Game of Thoughts: Understanding Creativity Through Mind Games (2016) – with John TeoMagicienne: A Novel (2016) – With Don BoscoMisdirection: Book One of The Savant Trilogy (2018),,,,,,,,,,,,,,,,,,,,,,蔡嬣,Cài Níng,,,,,,
160,"Mahdi Moammer (1979-03-14) March 14, 1979 (age 41)Karaj, Iran",,,[1],Mahdi Moudini,,,,"Magician, illusionist",,,2 (Marchelin & Prince Maddix),1984–present,,,,,,,,,,,Michelle Goh (2005–present),,,,,,,,,,,,,,,,,,,,,,,,,,,,,,,,,,,
161,"Max Katz BreitOstrów, Poland",,,,Max Malini,"October 3, 1942Honolulu, United States",,"Polish, USA",Magician,,,,,,,,,,,,,,,,,,,,,,,,,,,,,,,,,,,,,,,,,,,,,,,,,,
162,"July 22, 1958Chicago, Illinois",,,"Bill Malone, CEO of Comedy Magic",Bill Malone (magician),,,,"Magician, Entertainer, Lecturer, Author, Teacher, Comedian",,,,,,,,,,,,,,,,,,,,,,,,,,,,,,,,,,,,,,,,,,,,,,,,,,
163,"Edward MalkowskiOctober 10, 1913",,,,Ed Marlo,"November 7, 1991 (1991-11-08) (aged 78)",,,Magician,,,,,,,,,,,,,,,,,,,,,,,,,,,,,,,,,,,,,,,,,,,,,,,,,,
164,,,,,William Marriott (magician),,,,"Magician, debunker of fraudulent mediums",,,,,,,,,,,,,,,,,,,,,,,,,,,,,,,,,,,,,,,,,,,,,,,,,,
165,"1971Zurich, Switzerland",,,www.marvey.ch,Peter Marvey,,,,"magician, illusionist",,,,,,,,,,,,,,,,,,,,,,,,,,,,,,,,,,,,,,,,,,,,,,,,,,
166,"1902 (1902)London, England",Stories of wartime exploits,,,Jasper Maskelyne,1973 (aged 70–71)Kenya,,British,Stage magician,,,,,,,,,,,,,,,,,,,,,,Nevil MaskelyneAda Mary Ardley,,,,,,,,,,,,,,,,,,,,,,,,,,,,
167,"(1839-12-22)22 December 1839Cheltenham, Gloucestershire, England",,,,John Nevil Maskelyne,"18 May 1917(1917-05-18) (aged 77)London, England",,,"Magician, escapologist, inventor, and paranormal investigator",,,Nevil Maskelyne,,,,,,,,,,,,,,,,,,,,,,,,,,,,,,,,,,,,,,,,,,,,,,,
168,"Luis Manuel Curcialeiro Godinho de Matos (1970-08-23) August 23, 1970 (age 49)Lourenço Marques, Portuguese Mozambique",,,www.luisdematos.com,Luís de Matos,,,Portuguese,Magician,,,,,,,,,,,,,,,,,,,,,,,,,,,,,,,,,,,,,,,,,,,,,,,,,,
169,1988 (age 31–32)Massachusetts,,,Matt The Knife.com YouTube Facebook,Matt the Knife,,,,"Mentalist, magician, speaker, comedian, escapologist, former con artist",,,,,,,,,,,,,MTK,,,,,,,,,,,,,,,,,,,,,,,,,,,,,,,,,,,,,
170,"Philip Goldstein (1950-12-21) December 21, 1950 (age 69)Ithaca, New York",,"Academy of Magical Arts Creative Fellowship, MINDVention Lifetime Achievement Award,The Allan Slaight Award for Lifetime Achievement",,Max Maven,,,,"Magician, mentalist",,,,,,,,,,,,,,,,,,,,,,,,,,,,,,,,,,,,,,,,,,,,,,,,,,
171," (1959-09-11) September 11, 1959 (age 60)",,,,Jeff McBride,,,,,,,,,,,,,,,,,Magnus,,,,,,,,,,,,,,,,,,,,,,,,,,,,,,,,,,,,,
172,"April 12, 1922Belfast, Northern Ireland, UK",,,,Billy McComb,"April 30, 2006(2006-04-30) (aged 84)Los Angeles, California, U.S.",,,,,,,,,,,,,,,,,,,,,,,,,,,,,,,,,,,,,,,,,,,,,,,,,,,,,
173,"19 June 1980 (1980-06-19) (age 39)Stirling, Scotland",,,dougmckenzie.com,Doug McKenzie (magician),,,,"Magician, mentalist, magic consultant, TV producer",,,,,,,,,,,,,,,,,,,,,,,,,,,,,,,,,,,,,,,,,,,,,,,,,,
174,"Marie-Georges-Jean Méliès(1861-12-08)8 December 1861Paris, France",,,,Georges Méliès,"21 January 1938(1938-01-21) (aged 76)Paris, France",,French,"Film director, actor, set designer, illusionist, toymaker, costume designer",,,2,1888–1923,Eugénie Génin(m. 1885; died 1913)Jehanne D'Alcy (m. 1925),,,,,,,,,,,,,,,,,,,,,,,,,,,,,,,,,,,,,,,,,,,,,
175,"Drummond William Thomas Money-Coutts (1986-05-11) 11 May 1986 (age 34)Westminster, London, England",,,www.dmcmagic.com,Drummond Money-Coutts,,,South African,Magiciancardsharp,,,,,,,,,,,,,,,,,,,,,,The 9th Baron LatymerLucy Deedes,,,,,,,,,,,,,,,,,,,,,,,,,,,,
176,"Stephen Daniel Mulhern (1977-04-04) 4 April 1977 (age 43)Stratford, London, England[1]",,,,Stephen Mulhern,,,,Television presentermedia personalitymagicianactor,,,,1995–present,,,,,,,,,,,,,,,,,,,,,,,,,,,,,,,,,ITV,,,,,,,,"
Tricky TV
Finger Tips
This Morning
Britain's Got More Talent
Animals Do the Funniest Things
Catchphrase
Reality Bites
Big Star's Little Star
Ant & Dec's Saturday Night Takeaway
In For a Penny
",,,,,
177,"9 June 1898Chicago, Illinois",,,,John Mulholland (magician),25 February 1970 (1970-02-26) (aged 71)New York City,,,Magician,,,,,,,,,,,,,,,,,,,,,,,,,,,,,,,,,,,,,,,,,,,,,,,,,,
178,"Thomas Blaine Mullica(1948-08-19)August 19, 1948Waupun, Wisconsin, US",Television & stage appearances as a magician and comedian.,,,Tom Mullica,"February 18, 2016(2016-02-18) (aged 67)Las Vegas, Nevada, US",,American,"Magician, Comedian, Ventriloquist, Mime artist, Actor, Clown.",,,,1970–2016,,,,,,,,,,,,,,,,,,,,,,,,,,,,,,,,,,,,,,,,,,,,,,
179," (1964-04-10) 10 April 1964 (age 56)[1]Nilambur, Kerala, India",,,,Gopinath Muthukad,,,Indian,MagicianIllusionistMotivational speaker,,"N.S.S College, Manjeri",Vismay Muthukad,,Kavitha Muthukad,,,,,,,,,,,,,,,,,Kunjunni NairDevaki Amma,,,,,,,,,,,,,,,,,,,,,,,,,,,,
180,"(1903-02-08)8 February 1903Pattambi, Malabar District, Madras Presidency, British India (now in Palakkad, Kerala, India)",,,,Vazhakkunnam,9 February 1983(1983-02-09) (aged 80),,,MagicianIllusionist,,,K. C. Aravindakshan RajaK. C. Thulasidas RajaK. C. Sumathy,,K. C. Anujathi Thampuratty,,,,,,,,Professor Vazhakkunnam,,,,,,,,,Raman AtithiripadArya Pathanaadi,,,,,,,,,,,,,,,,,,,,,,,,,,,,
181,,,,www.chrisnicholsonmagician.com,Chris Nicholson (magician),,,British,Magician,,,,,,,,,,,,,,,,,,,,,,,,,,,,,,,,,,,,,,,,,,,,,,,,,,
182,"David Porter Nixon(1919-12-29)29 December 1919Muswell Hill, London, England, UK",,,,David Nixon (magician),"1 December 1978(1978-12-01) (aged 58)Surrey, England, UK",,,Magician and television presenter,,,,,,,,,,,,,,,,,,,,,,,,,,,,,,,,,,,,,,,,,,,,,,,,,,
183," (1965-08-21) 21 August 1965 (age 54)San Francisco, California",,,,Alain Nu,,,,"Mentalist, illusionist, magician",,,,,,,,,,,,,,,,,,,,,,,,,,,,,,,,,,,,,,,,,,,,,,"Silver Spring, Maryland",,,,
184,"Andrew Nyman (1966-04-13) 13 April 1966 (age 54)Leicester, Leicestershire, England",,,AndyNyman.com,Andy Nyman,,,,,Guildhall School of Music and Drama[1],,2[2],,Sophie Abbott[2],,,,,,,,,,,,,,,,,,,,,,,,,,,,,,,,,,,,,,,,,,,,,
185,"1975 (age 44–45)Tokyo, Japan",,,,Shoot Ogawa,,,,Magician,,,,,,,,,,,,,,,,,,,,,,,,,,,,,,,,,,,,,,,,,,,,,,,,,,
186," (1954-10-21) October 21, 1954 (age 65)United States",,,,Danny Orleans,,,,Magician,,,,,,,,,,,,,,,,,,,,,,,,,,,,,,,,,,,,,,,,,,,,,,,,,,
187,"January 20, 1885",,,,Great Ovette,"August 5, 1946 (1946-08-06) (aged 61)",,,Magician,,,,,,,,,,,,,,,,,,,,,,,,,,,,,,,,,,,,,,,,,,,,,,,,,,
188,"1981 (age 38–39)Amasya, Turkey",,,,İlkay Özdemir,,,,performer of stage magic,,,,,,,,,,,,,,,,,,,,,,,,,,,,,,,,,,,,,,,,,,,,,,,,,,
189,"Ballia district, Uttar Pradesh","Entertainer, Magician and Illusionist",,,O. P. Sharma (magician),,,Indian,Magician,,,,1973 to present,,,,,,,,,,,,,,,,,"37,800+ Magic shows across the country .(till 2018)",,,,,,,,,,,,,,,,,,,,,,,,,,,,,
190,"Patrick Page(1929-03-17)17 March 1929Dundee, Scotland",,,,Pat Page (magician),11 February 2010(2010-02-11) (aged 80),,,Magic Entertainer,,,,,,,,,,,,,,,,,,,,,,Patrick Page & Jane Stevenson (Page),,,,,,,,,,,,,,,,,,,,,,,,,,,,
191," (1959-10-15) 15 October 1959 (age 60)Battersea, London, England",,,www.theorb.com,Alex Paterson,,,,,,,,,,Duncan Alexander Robert Paterson,,,,,,,,,,"Electronica, trip hop, dub, IDM",,,,,,,,,,,,,,,,,,,,,,,,,,,,,,,Dr Alex Paterson,Musician,"Keyboards, turntables, sampler, programming","The Orb, Transit Kings, FFWD"
192,"Penn Fraser JilletteRaymond Joseph Teller[1] (1955-03-05) March 5, 1955 (age 65) (Penn) (1948-02-14) February 14, 1948 (age 72) (Teller)","Magic, comedy, skepticism",,www.pennandteller.com ,Penn & Teller,,,,"Magicians, entertainers",,,,1975–present,,,,,,,,,,,,,,,,,,,,,,,,,,,,,,,,,,,,,,,,,,,,,,
193,"Penn Fraser Jillette (1955-03-05) March 5, 1955 (age 65)Greenfield, Massachusetts, U.S.",Half of the comedy magic duo known as Penn & Teller,,pennandteller.com,Penn Jillette,,,American,"Magician, actor, author, musician, inventor, television personality",Ringling Bros. and Barnum & Bailey Clown College,,2,1974–present,Emily Zolten Jillette,,,,,,,,,,,,,,6 ft 6 in (1.98 m)[1],,,,,,,,,,,,,,,,,Libertarian,,,,,,,,,,,,,,
194,"Raymond Joseph Teller (1948-02-14) February 14, 1948 (age 72)Philadelphia, Pennsylvania, U.S.",,,pennandteller.com,Teller (magician),,,,,,Amherst College,,1974–present,,,,,,,,,,,,,,,,,,Irene B. DerricksonJoseph Teller (1913–2004),,,,,,,,,,,,,,Libertarian,,,,,,,,,,,,,,
195,"Jacob Meyer(1735-08-14)August 14, 1735Philadelphia, Pennsylvania, U.S.",,,,Jacob Philadelphia,c. 1795 (aged 59-60),,American,,,,,,,,,,,,,,,,,,,,,,Little Treatise on Strange and Suitable Feats,,,,,,,,,,,,,,,,,,,,,,,,,,,,,
196,,,,,Joseph Pinetti,,,,Magician,,,,,,,,,,,,,,,,,,,,,,,,,,,,,,,,,,,,,,,,,,,,,,,,,,
197,"(1926-08-16)August 16, 1926Sacramento, California, U.S.",,,,Channing Pollock (magician),"March 19, 2006(2006-03-19) (aged 79)Las Vegas, Nevada, U.S.",,,"Magician, Actor",,,,,,,,,,,,,,,,,,,,,,,,,,,,,,,,,,,,,,,,,,,,,,,,,,
198,"(1913-02-23)23 February 1913Tangail, Bengal, British India",,,,P. C. Sorcar,"6 January 1971(1971-01-06) (aged 57)Asahikawa, Hokkaidō, Japan",,Indian,Magician,,,,,Basanti Devi,,,,,,,,,,,,,,,,,,,,,,,,,,,,,,,,,,,,,,,,,,,,,
199," (1946-07-31) 31 July 1946 (age 73)Tangail, Bengal, British India",,,P.C. Sorcar Jr.,P. C. Sorcar Jr.,,,Indian,Illusionist,,,"Maneka, Moubani, Mumtaz",,Jayashree Devi,,,,,,,,,,,,,,,,,,,,,,,,,,,,,,,Bharatiya Janata Party,,,,,,,,,,,,,,
200,"1950 (age 69–70)Kolkata, India",,,,"P. C. Sorcar, Young",,,Indian,Illusionist,,,"Pouroosh, Purnasha",,Chitra Devi,,,,,,,,,,,,,,,,,,,,,,,,,,,,,,,,,,,,,,,,,,,,,
201," (1977-01-07) January 7, 1977 (age 43)",,,www.noelqualter.com,Noel Qualter,,,British,Magician,,,,,,,,,,,,,,,,,,,,,,,,,,,,,,,,,,,,,,,,,,,,,,,,,,
202,"Randall James Hamilton Zwinge (1928-08-07) August 7, 1928 (age 91)Toronto, Ontario, Canada",,,www.randi.org,James Randi,,,CanadianAmerican (naturalized),Magicianillusionistauthorskeptic,,,,1946−2015,José Alvarez (born Deyvi Orangel Peña Arteaga)[1] (m. 2013),,,,,,,,,,,,,,,,,,,,,,,,,,,,,,,,,,,,,,,,,,,,,
203,"(1935-10-08)8 October 1935Adelaide, Australia",,,,Peter Reveen,"8 April 2013(2013-04-08) (aged 77)Las Vegas, Nevada, United States",,,"illusionist, hypnotist",,,4,,Coral Reveen,,,,,,,,,,,,,,,,,,,,,,,,,,,,,,,,,,,,,,,,,,,,,
204,"15 June 1763Liège, Prince-Bishopric of Liège",,,,Étienne-Gaspard Robert,"2 July 1837 (1837-07-03) (aged 74)Paris, France",,Belgian,"Stage magician, physicist and balloonist",,,,,,,,,,,,,Robertson,,,,,,,,,,,,,,,,,,,,,,,,,,,,,,,,,,,,,
205,"Jean-Eugène Robert(1805-12-07)December 7, 1805Blois, France",,,,Jean-Eugène Robert-Houdin,"June 13, 1871(1871-06-13) (aged 65)Saint-Gervais-la-Forêt, France",,,"Magician, illusionist, inventor, author, and clockmaker",,,,,Josèphe Cecile Houdin (1830-1843; her death) François Marguerite Olympe Braconnier (1844-1871; his death),,,,,,,,,,,,,,,,,,,,,,,,,,,,,,,,,,,,,,,,,,,,,
206,"William Ellsworth Robinson(1861-04-02)April 2, 1861Westchester County, New York, US",,,,Chung Ling Soo,"March 24, 1918(1918-03-24) (aged 56)London, England, UK",East Sheen Cemetery,,Stage magician,,,5,,,,,,,,,,,,,,,,,Accidental shooting,,,,,,,,,,,,,,,,,,,,,,,,,,,,,,
207," (1952-03-13) March 13, 1952 (age 68)New York City",,,http://www.davidrothmagic.com/,David Roth,,,,"Magician, Lecturer",,,,,,,,,,,,,,,,,,,,,,,,,,,,,,,,,,,,,,,,,,,,,,,,,,
208," (1961-06-04) 4 June 1961 (age 59)New Jersey, U.S.",,,jerrysadowitz.com,Jerry Sadowitz,,,,"Stand-up comedian, magician",,,,,,,,,,,,,,,,,,,,,,,,,,,,,,,,,,,,,,,,,,,,,,,,,,
209,"Lung Te Shan(1884-09-16)September 16, 1884Wuqiao County, Shandong Province, China",,,,Long Tack Sam,"August 7, 1961(1961-08-07) (aged 76)Linz, Austria",,,Performance Artist,,,"Mina (Mi-na), 
Poldi (Nee-sa)

and Francis (Frank)",? – 1958,Poldi Rössler Long,,,,,,,,"Sam Tack Long 
Tack Sam  Long",,,,,,,,,,,,,,,,,,,,,,,,,,,,,,,,,,,,,
210, (1953-04-30) 30 April 1953 (age 67),,,www.redmagic.co.uk,Ian Saville,,,British,"Magician, ventriloquist, comedian",,"University of ExeterCity, University of London",,1979–present,,,,,,,,,,,,,,,,,,,,,,,,,,,,,,,,Labour,Middlesex University,,,,,,,,,,,,,
211," (1965-03-06) March 6, 1965 (age 55)Tennessee, United States",The first woman magician to be performing in Las Vegas,,,Melinda Saxe,,,American,"Magician, dancer",,,"Mason Ray Evensvold, Mallory Rose Evensvold",1983-present,Lance Burton (m. 1993; d. 1994)Mark Evensvold (m. 2000),,,,,,,,,,,,,,,,,Richard SaxeBonnie Saxe,,,,,,,David Saxe (brother),,,,,,,,,,,,,,,,,,,,,
212," (1973-11-25) November 25, 1973 (age 46)Burnaby, British Columbia, Canada",,,MurrayMagic.com,Murray SawChuck,,,,,,,,,Chloe Louise Crawford (Divorced),,,,,,,,,,,,,,,,,,,,,,,,,,,,,,,,,,,,,,,,,,,,,
213,"Orlando Carmelo Scarnecchia(1903-03-04)March 4, 1903Steubenville, Ohio, United States",,,,John Scarne,"July 7, 1985(1985-07-07) (aged 82)North Bergen, New Jersey, United States",,,"Magician, writer",,,,,,,,,,,,,,,,,,,,,,,,,,,,,,,,,,,,,,,,,,,,,,,,,,
214,"George Schindler (1929-03-31) March 31, 1929 (age 91)Brooklyn, New York City",,,,George Schindler,,,American,"magician, actor, comedian, puppeteer, businessman",,,,,,,,,,,,,,,,,,,,,,,,,,,,,,,,,,,,,,,,,,,,,,,,,,
215,"Percy Thomas Tibbles17 November 1881London, England",,,,P. T. Selbit,19 November 1938,,English,Magician,,,,,,,,,,,,,,,,,,,,,,,,,,,,,,,,,,,,,,,,,,,,,,,,,,
216,"November 1, 1955 (1955-11) (age 64)New York City, NY",,,,Mark Setteducati,,,,"magician, author",,,,,,,,,,,,,,,,,,,,,,,,,,,,,,,,,,,,,,,,,,,,,,,,,,
217,Alan Arthur Howson(1933-12-28)28 December 1933,,,,Alan Shaxon,27 October 2012(2012-10-27) (aged 78),,,Magician,,,,,,,,,,,,,,,,,,,,,,,,,,,,,,,,,,,,,,,,,,,,,,,,,,
218,"(1944-10-03)October 3, 1944Nordenham, Gau Weser-Ems, Greater German Reich",Stage acts involving big cats,,https://www.siegfriedandroy.com/,Siegfried & Roy,"May 8, 2020(2020-05-08) (aged 75)Las Vegas, Nevada, U.S.",,American[1]German[citation needed],MagiciansEntertainersPerformers,,,,,,Uwe Ludwig Horn,,,,,,,Masters of the ImpossibleSARMOTI,,,,,,,,,,,,,,,,,,,,,,,,,,,,,,,,,,,,,
219," (1962-06-12) June 12, 1962 (age 57)Paterson, New Jersey",,,,Rocco Silano,,,,"magician, author, lecturer",,,,,,,,,,,,,,,,,,,,,,,,,,,,,,,,,,,,,,,,,,,,,,,,,,
220,"Aldo Savoldello (1937-05-18) 18 May 1937 (age 83)Venice, Italy",,,,Silvan (illusionist),,,,Magician,,,,,,,,,,,,,,,,,,,,,,,,,,,,,,,,,,,,,,,,,,,,,,,,,,
221," (1976-12-10) December 10, 1976 (age 43)US",,,MRGADFLY.com,Aaron Smith (magician),,,,"Writer, inventor",,,,,,,,,,,,,,,,,,,,,,,,,,,,,,,,,,,,,,,,,,,,,,,,,,
222,"Quintino Marucci( 1901-09-01)September 1, 1901Foggia, Italy","Originality, Skill, and Misdirection",,,Tony Slydini,"January 15, 1991(1991-01-15) (aged 89)Orange, New Jersey, United States",,Italian,Magician,,,,,,,,,,,,,,,,,,,,,,,,,,,,,,,,,,,,,,,,,,,,,,,,,,
223,1969 (age 50–51)Milwaukee,,,,Thomas Solomon,,,,,,,,,,,,,,,,,,,,,,,,,,,,,,,,,,,,,,,,,,,,,,,,,,,,,,
224,"William Ellsworth Robinson(1861-04-02)April 2, 1861Westchester County, New York, US",,,,Chung Ling Soo,"March 24, 1918(1918-03-24) (aged 56)London, England, UK",East Sheen Cemetery,,Stage magician,,,5,,,,,,,,,,,,,,,,,Accidental shooting,,,,,,,,,,,,,,,,,,,,,,,,,,,,,,
225,"(1913-02-23)23 February 1913Tangail, Bengal, British India",,,,P. C. Sorcar,"6 January 1971(1971-01-06) (aged 57)Asahikawa, Hokkaidō, Japan",,Indian,Magician,,,,,Basanti Devi,,,,,,,,,,,,,,,,,,,,,,,,,,,,,,,,,,,,,,,,,,,,,
226," (1946-07-31) 31 July 1946 (age 73)Tangail, Bengal, British India",,,P.C. Sorcar Jr.,P. C. Sorcar Jr.,,,Indian,Illusionist,,,"Maneka, Moubani, Mumtaz",,Jayashree Devi,,,,,,,,,,,,,,,,,,,,,,,,,,,,,,,Bharatiya Janata Party,,,,,,,,,,,,,,
227," (1958-11-01) November 1, 1958 (age 61)Oak Park, Illinois",,,,Jim Steinmeyer,,,,Illusion designer,,Loyola University Chicago,,,,,,,,,,,,,,,,,,,,,,,,,,,,,,,,,,,,,,,,,,,,,,,,
228,"Matthew Glenn Milligan (1976-04-10) April 10, 1976 (age 44)Sikeston, Missouri, U.S.",,,MorganStrebler.com,Morgan Strebler,,,,"Illusionist, magician",,,2,,Julie Russell 1999–present,,,,,,,,,,,,,,6 ft 1 in (185 cm),,,,,,,,,,,,,,,,,,,,,,,,,,,,,,,
229,"Sum Jan-chung (1976-12-05) December 5, 1976 (age 43)Singapore",,,jcsum.com,J C Sum,,,Singaporean,"Management consultant, marketer, former Illusionist, former Illusion designer",,Victoria Junior College  National University of Singapore,,1993–present,,,,,,,,,,,,,,,,,,,,,,,,,,,,,,,,,Concept Magic (founder)  Evolve & Adapt (founder),,,,,,,,,,,,,
230,"(1898-03-10)March 10, 1898Bursa, Turkey",,,www.zatisungur.org,Zati Sungur,"July 6, 1984(1984-07-06) (aged 86)Istanbul, Turkey","Zincirlikuyu Cemetery, Istanbul, Turkey",,performer of stage magic,,,"Aynur Sungur Tuncer, Saynur Oktem",,Necla Sungur,,,,,,,,,,,,,,,,,,,,,,,,,,,,,,,,,,,,,,,,,,,,,
231,"January 1, 1953",,,http://honestliar.com,Jamy Ian Swiss,,,,Magician,,,,,,,,,,,,,,,,,,,,,,,,,,,,,,,,,,,,,,,,,,,,,,,,,,
232," (1973-09-27) September 27, 1973 (age 46)Hollywood, California",,,,Cyril Takayama,,,,Magician,,,,,,,,,,,,,,,,,,,,,,,,,,,,,,,,,,,,,,,,,,,,,,,,,,
233,"Juan Tamariz-Martel Negrón (1942-10-18) 18 October 1942 (age 77)Madrid, Spain",,,,Juan Tamariz,,,,Magician,,,,,,,,,,,,,,,,,,,,,,,,,,,,,,,,,,,,,,,,,,,,,,,,,,
234,"February 23, 1890 (1890-02-23)Delavan, Illinois, United States",,,,Harlan Tarbell,"June 16, 1960(1960-06-16) (aged 70)Elmhurst, Illinois",,,,,,,,,,,,,,,,,,,,,,,,Tarbell Course in Magic,,,,,,,,,,,,,,,,,,,,,,,,,,,,,
235,"Raymond Joseph Teller (1948-02-14) February 14, 1948 (age 72)Philadelphia, Pennsylvania, U.S.",,,pennandteller.com,Teller (magician),,,,,,Amherst College,,1974–present,,,,,,,,,,,,,,,,,,Irene B. DerricksonJoseph Teller (1913–2004),,,,,,,,,,,,,,Libertarian,,,,,,,,,,,,,,
236,"Penn Fraser JilletteRaymond Joseph Teller[1] (1955-03-05) March 5, 1955 (age 65) (Penn) (1948-02-14) February 14, 1948 (age 72) (Teller)","Magic, comedy, skepticism",,www.pennandteller.com ,Penn & Teller,,,,"Magicians, entertainers",,,,1975–present,,,,,,,,,,,,,,,,,,,,,,,,,,,,,,,,,,,,,,,,,,,,,,
237," (1964-12-03) December 3, 1964 (age 55) Zurich, Switzerland",,,www.marcotempest.com,Marco Tempest,,,,"Magician, Illusionist, Director, Producer",,,,,,,,,,,,,,,,,,,,,,,,,,,,,,,,,,,,,,,,,,,,,,,,,,
238,"Mariko Itakura (1959-06-29) June 29, 1959 (age 60)Arai, Niigata, Japan",,,,Princess Tenko,,,,,,,,1978–present,,,,1978–1980,,Tenko Hikita,1980–present,,Tenko Hikita,Ko Hikita,,Japanese pop,,,,,,,,,,,,,,,,,,,,,,,,,,,,,,,Mari Asakaze,,,
239,"(1869-07-20)July 20, 1869Columbus, Ohio, United States",,,,Howard Thurston,"April 13, 1936(1936-04-13) (aged 66)Miami, Florida, United States",,American,Magician,,,,,,,,,,,,,,,,,,,,,,,,,,,,,,,,,,,,,,,,,,,,,,,,,,
240," (1966-07-07) July 7, 1966 (age 53)Chicago, Illinois, United States",,,http://necromancerevents.com,Neil Tobin,,,,Magician,,,,,,,,,,,,,,,,,,,,,,,,,,,,,,,,,,,,,,,,,,,,,,,,,,
241,"Richard Edward Turner (1954-06-16) June 16, 1954 (age 66)San Diego, California",,,Official website,Richard Turner (magician),,,,"Card mechanic, card manipulator",,,1,,Kim Turner,,,,,,,,,,,,,,,,,,,,,,,,,,,,,,,,,,,,,,,,,,,,,
242,"Leonard Montano (1956-06-14) June 14, 1956 (age 64)Los Angeles, California, United States",,,,Val Valentino,,,,Magician,,,3,,,,,,,,,,"Masked Magician, Mr M.",,,,,,,,,,,,,,,,,,,,,,,,,,,,,,,,,,,,,
243,"David Frederick Wingfield Verner(1894-06-11)June 11, 1894Ottawa, Ontario, Canada",,,,Dai Vernon,"August 21, 1992(1992-08-21) (aged 98)Ramona, California, United States",,,Magician,,Royal Military College of Canada,"Theodore, Derek",,"Eugenie ""Jeanne"" Hayes (1924-1992)",,,,,,,,,,,,,,,,,,,,,,,,,,,,,,,,,,,,,,,,,,,,,
244, (1964-02-14) 14 February 1964 (age 56),,,Michael Vincent Productions,Michael Vincent (magician),,,British,Magician,,,,1980–present,,,,,,,,,,,,,,,,,,,,,,,,,,,,,,,,,,,,,,,,,,,,,,
245,15 February 1890England,,,,Val Walker,17 March 1969 (1969-03-18) (aged 79),,,,,,,,,,,,,,,,,,,,,,,,,,,,,,,,,,,,,,,,,,,,,,,,,,,,,
246,"April 11 1932London, England",,,Tam Shepherd's Trick Shop,Roy Walton,"3 February 2020 (aged 87)Glasgow, Scotland",,,,,,,,,,,,,,,,,,,,,,,,,,,,,,,,,,,,,,,,,,,,,,,,,,,,,
247,"Alan Scott Watson (1950-11-26) 26 November 1950 (age 69)Wellington, New Zealand",,,www.watson.co.nz,Alan Watson (magician),,,,"Magician, Illusionist",,,,,Michele Watson,,,,,,,,,,,,,,,,,,,,,,,,,,,,,,,,,,,,,,,,,,,,,
248,"Matthew Wayne Tomasko (1986-03-17) March 17, 1986 (age 34)York, Pennsylvania",,,,Matt Wayne (magician),,,,Magician,,,,,,,,,,,,,,,,,,,,,,,,,,,,,,,,,,,,,,,,,,,,,,,,,,
249,"Sydney, Australia",,,www.LadyMagician.com.au,Sue-Anne Webster,,,,"Magician, illusionist, publisher, Producer",,,,,"Geoffrey McSkimming, author",,,,,,,,,,,,,,,,,,,,,,,,,,,,,,,,,,,,,,,,,,,,,
250,"George Orson Welles(1915-05-06)May 6, 1915Kenosha, Wisconsin, U.S.",,,,Orson Welles,"October 10, 1985(1985-10-10) (aged 70)Los Angeles, California, U.S.","Ronda, Spain",,Actordirectorwriterproducer,,School of the Art Institute of Chicago[1][2],"3, including Beatrice Welles",1931–1985,"
Virginia Nicolson
(married 1934–1940)
Rita Hayworth
(married 1943–1947)
Paola Mori
(married 1955–1985)
",,,,,,,,,,"
Dolores del Río (1940–43)
Oja Kodar (1966–85)
",,,,,,,,,,,,,"Woodstock, Illinois, U.S.",,,,,,,,,,,,,,,,,Orson Welles' Sketch Book,,,,,
251,James Mark Wilson1929 (age 90–91),,,,Mark Wilson (magician),,,,Magician,,Southern Methodist University,,,Nani Darnell,,,,,,,,,,,,,,,,,,,,,,,,,,,,,,,,,,,,,,,,,,,,,
252," (1990-05-05) May 5, 1990 (age 30)Staten Island",Masters of Illusion and Las Vegas headliner,,,Tommy Wind,,,,Illusionist,,,,,Stacy Wind,,,,,,,,,,,,,,,,,,,,,,,,,,,,,,,,,,,,,,,,,,,,,
253,"Hans-Günter Witt(1949-08-07)7 August 1949Versmold, Germany",,,http://www.wittuswitt.de/,Wittus Witt,,,German,Magician,,,,,,,,,,,,,,,,,,,,,,,,,,,,,,,,,,,,,,,,,,,,,,,,,,
254," (1978-01-03) 3 January 1978 (age 42)Exeter, Devon, England",Dick and Dom,,,Dominic Wood,,,,"Entertainer, Magician, presenter",,,Tommy (born 2008)Sam (born 2010),1996–present,Sandi Lee Hughes (m. 2005–present),,,,,,,,,,,,,,,,,,,,,,,,,,,,,,,,,,,,,,,,,,,,,
255,"May 12, 1970Garland, Texas",,,,Steve Wyrick,,,,"Illusionist, magician",,,,,,,,,,,,,,,,,,,,,,,,,,,,,,,,,,,,,,,,,,,,,,,,,,
256,"Robert Zabrecky (1968-06-02) June 2, 1968 (age 52)Burbank, California, United States",,,,Rob Zabrecky,,,,"Actor, musician, magician, songwriter",,,,,Tommi Zabrecky,,,,,,,,,,,,,,6 ft 0 in (183 cm),,,,,,,,,,,,,,,,,,,,,,,,,,,,,,,
257,,,,,Julius and Agnes Zancig,,,,Mentalists,,,,,,,,,,,,,,,,,,,,,,,,,,,,,,,,,,,,,,,,,,,,,,,,,,
258,"(1925-11-04)November 4, 1925Paterson, New Jersey, United States",,,,Herb Zarrow,"May 11, 2008(2008-05-11) (aged 82)",,,"Magician, escapologist, stunt performer, actor, historian, film producer, pilot, debunker",,,,,,,,,,,,,,,,,,,,,,,,,,,,,,,,,,,,,,,,,,,,,,,,,,
259,"Paul Collins (1964-06-29) 29 June 1964 (age 55)Skipton, Yorkshire, England",,,http://www.paulzenon.com/,Paul Zenon,,,British,"magician, skeptic, comedian, writer, actor",,,,,,,,,,,,,,,,,,,,,,,,,,,,,,,,,,,,,,,,,,,,,,,,,,
